Key,File,Type,UsedInMainMenu,NoTranslate,english,french,german,spanish,italian,polish,brazilian,russian,turkish,japanese,schinese
# ============================================================
# Navezgane Hospital Challenge — Localization
# Author: Frilioth
# Version: 0.2.0
# English only — other languages added later
# ============================================================
# ============================================================
# BUFFS
# ============================================================
buffHospitalVirusName,buffs,Buff,,,Voss-7 Virus,Virus Voss-7,Voss-7-Virus,Virus Voss-7,Virus Voss-7,Wirus Voss-7,Vírus Voss-7,Вирус Voss-7,Voss-7 Virüsü,Voss-7 ウイルス,Voss-7 病毒
buffHospitalVirusDesc,buffs,Buff,,,You are infected with Voss-7 — a mutated strain of the Septdiurnal Virus resistant to honey and antibiotics. Craft Virus Suppressants to push it back down. Only Trader Jen has the cure.,"Tu es infecté par le Voss-7 — une souche mutante du Septdiurnal Virus, résistante au miel et aux antibiotiques. Fabrique des Suppresseurs de Virus pour le faire reculer. Seule Trader Jen possède le remède.","Du bist mit Voss-7 infiziert — einer mutierten Variante des Septdiurnal Virus, resistent gegen Honig und Antibiotika. Stelle Virushemmer her, um ihn zurückzudrängen. Nur Trader Jen hat das Heilmittel.","Estás infectado con Voss-7, una cepa mutada del Septdiurnal Virus resistente a la miel y a los antibióticos. Fabrica Supresores del Virus para hacerlo retroceder. Solo Trader Jen tiene la cura.","Sei infetto da Voss-7 — un ceppo mutato del Septdiurnal Virus, resistente al miele e agli antibiotici. Fabbrica Soppressori del Virus per farlo arretrare. Solo Trader Jen ha la cura.","Jesteś zarażony Voss-7 — zmutowanym szczepem Septdiurnal Virus, odpornym na miód i antybiotyki. Wytwarzaj supresory wirusa, by go cofnąć. Tylko Trader Jen ma lekarstwo.","Você está infectado com o Voss-7 — uma cepa mutante do Septdiurnal Virus, resistente a mel e antibióticos. Fabrique Supressores do Vírus para fazê-lo recuar. Só Trader Jen tem a cura.","Ты заражён Voss-7 — мутировавшим штаммом Septdiurnal Virus, устойчивым к мёду и антибиотикам. Изготавливай подавители вируса, чтобы сдерживать инфекцию. Лекарство есть только у Trader Jen.","Voss-7 ile enfekte oldun — bala ve antibiyotiklere dirençli, Septdiurnal Virus'ün mutasyona uğramış bir türü. Geriletmek için Virüs Baskılayıcı üret. Tedavi yalnızca Trader Jen'de.",あなたは Voss-7 に感染している。蜂蜜にも抗生物質にも耐性を持つ Septdiurnal Virus の変異株だ。ウイルス抑制剤を作って押し戻せ。治療薬を持っているのはトレーダー・ジェンだけだ。,你感染了 Voss-7——Septdiurnal Virus 的变异株，对蜂蜜和抗生素均有耐药性。制作病毒抑制剂把它压回去。解药只有商人杰恩有。
buffVirusSuppressantWeakName,buffs,Buff,,,Virus Suppressed (Weak),Virus contenu (faible),Virus unterdrückt (schwach),Virus contenido (débil),Virus contenuto (debole),Słabe stłumienie wirusa,Vírus contido (fraco),Вирус подавлен (слабо),Virüs Baskılandı (Zayıf),ウイルス抑制中（弱）,病毒受抑（弱）
buffVirusSuppressantWeakDesc,buffs,Buff,,,A weak dose. It's barely holding the virus back.,Une dose faible. Elle contient à peine le virus.,Eine schwache Dosis. Sie hält den Virus kaum zurück.,Una dosis débil. Apenas está conteniendo el virus.,Una dose debole. Trattiene a stento il virus.,Słaba dawka. Ledwo powstrzymuje wirusa.,Uma dose fraca. Mal consegue conter o vírus.,Слабая доза. Она едва сдерживает вирус.,Zayıf bir doz. Virüsü zar zor tutuyor.,弱い投与量。かろうじてウイルスを抑えている。,剂量偏弱。勉强压得住病毒。
buffVirusSuppressantActiveName,buffs,Buff,,,Suppressant Active,Suppresseur actif,Hemmer aktiv,Supresor activo,Soppressore attivo,Supresor aktywny,Supressor ativo,Подавитель активен,Baskılayıcı Etkin,抑制剤作用中,抑制剂生效中
buffVirusSuppressantActiveDesc,buffs,Buff,,,The suppressant is working. The virus is retreating and you are protected from zombie infections.,Le suppresseur agit. Le virus recule et tu es protégé des infections de zombies.,Der Hemmer wirkt. Der Virus geht zurück und du bist vor Zombie-Infektionen geschützt.,El supresor está haciendo efecto. El virus retrocede y estás protegido de las infecciones de los zombis.,Il soppressore sta funzionando. Il virus arretra e sei protetto dalle infezioni degli zombie.,"Supresor działa. Wirus się cofa, a ty jesteś chroniony przed zakażeniami przenoszonymi przez zombie.",O supressor está funcionando. O vírus está recuando e você está protegido contra infecções de zumbis.,"Подавитель действует. Вирус отступает, и ты защищён от инфекций, передаваемых зомби.",Baskılayıcı işe yarıyor. Virüs geriliyor ve zombi enfeksiyonlarından korunuyorsun.,抑制剤が効いている。ウイルスは後退し、ゾンビからの感染も防いでいる。,抑制剂正在起作用。病毒在退，你也不会被丧尸感染。
buffVirusSuppressantStandardName,buffs,Buff,,,Virus Suppressed,Virus contenu,Virus unterdrückt,Virus contenido,Virus contenuto,Stłumienie wirusa,Vírus contido,Вирус подавлен,Virüs Baskılandı,ウイルス抑制中,病毒受抑
buffVirusSuppressantStandardDesc,buffs,Buff,,,The suppressant is pushing the virus back. It won't last.,Le suppresseur fait reculer le virus. Ça ne durera pas.,Der Hemmer drängt den Virus zurück. Das hält nicht an.,El supresor está haciendo retroceder el virus. No durará.,Il soppressore sta facendo arretrare il virus. Non durerà.,Supresor cofa wirusa. To nie potrwa długo.,O supressor está fazendo o vírus recuar. Não vai durar.,Подавитель сдерживает вирус. Это ненадолго.,Baskılayıcı virüsü geriletiyor. Uzun sürmeyecek.,抑制剤がウイルスを押し戻している。長くは持たない。,抑制剂正在把病毒压回去。撑不了多久。
buffVirusSuppressantStrongName,buffs,Buff,,,Virus Suppressed (Strong),Virus contenu (puissant),Virus unterdrückt (stark),Virus contenido (potente),Virus contenuto (potente),Silne stłumienie wirusa,Vírus contido (forte),Вирус подавлен (сильно),Virüs Baskılandı (Güçlü),ウイルス抑制中（強）,病毒受抑（强）
buffVirusSuppressantStrongDesc,buffs,Buff,,,A powerful dose. The virus retreats — for now.,Une dose puissante. Le virus recule — pour l'instant.,Eine starke Dosis. Der Virus geht zurück — vorerst.,Una dosis potente. El virus retrocede... por ahora.,Una dose potente. Il virus arretra — per ora.,Silna dawka. Wirus się cofa — na razie.,Uma dose potente. O vírus recua — por enquanto.,Мощная доза. Вирус отступает — пока что.,Güçlü bir doz. Virüs geriliyor — şimdilik.,強力な投与量。ウイルスは後退している。今のところは。,剂量很强。病毒在退——暂时如此。
buffHospitalTheCureName,buffs,Buff,,,The Cure,Le remède,Das Heilmittel,La cura,La cura,Lekarstwo,A cura,Лекарство,Tedavi,治療薬,解药
buffHospitalTheCureDesc,buffs,Buff,,,The virus is gone. You're clean.,Le virus a disparu. Tu n'es plus infecté.,Der Virus ist weg. Du bist nicht mehr infiziert.,El virus ha desaparecido. Ya no estás infectado.,Il virus è sparito. Non sei più infetto.,Wirus zniknął. Nie jesteś już zarażony.,O vírus sumiu. Você não está mais infectado.,Вирус исчез. Ты больше не заражён.,Virüs gitti. Artık enfekte değilsin.,ウイルスは消えた。あなたは清浄だ。,病毒没了。你干净了。
buffHospitalPermaDeathName,buffs,Buff,,,Terminal Infection,Infection terminale,Tödliche Infektion,Infección terminal,Infezione terminale,Infekcja terminalna,Infecção terminal,Смертельное заражение,Ölümcül Enfeksiyon,末期感染,末期感染
buffHospitalPermaDeathDesc,buffs,Buff,,,The virus has won. There is no coming back.,Le virus a gagné. Il n'y a pas de retour en arrière.,Der Virus hat gewonnen. Es gibt kein Zurück.,El virus ha ganado. No hay vuelta atrás.,Il virus ha vinto. Non si torna indietro.,Wirus wygrał. Nie ma powrotu.,O vírus venceu. Não há volta.,Вирус победил. Обратного пути нет.,Virüs kazandı. Geri dönüş yok.,ウイルスの勝ちだ。もう戻れない。,病毒赢了。再也回不去了。
# ============================================================
# ITEMS — SUPPRESSANTS
# ============================================================
hospitalVoss7Reagent,items,Item,,,Voss-7 Reagent,Réactif Voss-7,Voss-7-Reagenz,Reactivo Voss-7,Reagente Voss-7,Odczynnik Voss-7,Reagente Voss-7,Реагент Voss-7,Voss-7 Reaktifi,Voss-7 試薬,Voss-7 试剂
hospitalVoss7ReagentDesc,items,Item,,,A synthesised antiviral compound derived from acid. Used in all three tiers of Virus Suppressant. 1 unit of acid yields 3 reagents.,Un composé antiviral synthétisé à partir d'acide. Utilisé dans les trois niveaux de Suppresseur de Virus. 1 unité d'acide permet d'obtenir 3 réactifs.,Eine aus Säure synthetisierte antivirale Verbindung. Wird in allen drei Stufen des Virushemmers verwendet. 1 Einheit Säure ergibt 3 Reagenzien.,Un compuesto antiviral sintetizado a partir de ácido. Se usa en los tres niveles de Supresor del Virus. Una unidad de ácido produce 3 reactivos.,Un composto antivirale sintetizzato dall'acido. Usato in tutti e tre i livelli di Soppressore del Virus. 1 unità di acido produce 3 reagenti.,Syntetyczny związek przeciwwirusowy otrzymany z kwasu. Używany we wszystkich trzech poziomach supresora wirusa. Z 1 jednostki kwasu powstają 3 odczynniki.,Um composto antiviral sintetizado a partir de ácido. Usado nos três níveis de Supressor do Vírus. 1 unidade de ácido rende 3 reagentes.,Синтезированное из кислоты противовирусное соединение. Используется во всех трёх уровнях подавителя вируса. Из 1 единицы кислоты получается 3 единицы реагента.,Asitten sentezlenen antiviral bir bileşik. Virüs Baskılayıcı'nın üç seviyesinde de kullanılır. 1 birim asitten 3 birim reaktif elde edilir.,酸から合成された抗ウイルス化合物。3段階すべてのウイルス抑制剤に使用する。酸1単位で試薬3個ぶんになる。,用酸液合成的抗病毒化合物。三个等级的病毒抑制剂都要用到。1 瓶酸液可制成 3 份试剂。
hospitalSuppressantWeak,items,Item,,,Weak Virus Suppressant,Suppresseur de Virus faible,Schwacher Virushemmer,Supresor del Virus débil,Soppressore del Virus debole,Słaby supresor wirusa,Supressor do Vírus fraco,Слабый подавитель вируса,Zayıf Virüs Baskılayıcı,ウイルス抑制剤（弱）,病毒抑制剂（弱效）
hospitalSuppressantWeakDesc,items,Item,,,A diluted antiviral cocktail. Slowly reduces infection by ~1% over 1 minute. Stacks with other suppressants. Better than nothing.,Un cocktail antiviral dilué. Réduit lentement l'infection d'environ 1 % en 1 minute. Cumulable avec d'autres suppresseurs. C'est mieux que rien.,Ein verdünnter antiviraler Cocktail. Senkt die Infektion im Verlauf von 1 Minute langsam um etwa 1 %. Stapelbar mit anderen Hemmern. Besser als nichts.,Un cóctel antiviral diluido. Reduce lentamente la infección un 1 % aproximadamente en 1 minuto. Acumulable con otros supresores. Mejor que nada.,Un cocktail antivirale diluito. Riduce lentamente l'infezione di circa l'1 % in 1 minuto. Cumulabile con altri soppressori. Meglio di niente.,Rozcieńczony koktajl przeciwwirusowy. Powoli zmniejsza infekcję o około 1 % w ciągu 1 minuty. Kumuluje się z innymi supresorami. Lepsze to niż nic.,Um coquetel antiviral diluído. Reduz lentamente a infecção em cerca de 1 % ao longo de 1 minuto. Acumula com outros supressores. Melhor que nada.,"Разбавленный противовирусный коктейль. Медленно снижает заражение примерно на 1 % за 1 минуту. Эффект суммируется с другими подавителями. Лучше, чем ничего.",Seyreltilmiş antiviral karışım. Enfeksiyonu 1 dakikada yaklaşık %1 oranında yavaşça azaltır. Etkisi diğer baskılayıcılarla birikir. Hiç yoktan iyidir.,薄めた抗ウイルス剤。1分かけて感染度を約1%ゆっくり下げる。他の抑制剤と重ねがけできる。ないよりはましだ。,稀释过的抗病毒混合剂。1 分钟内将感染度缓慢压低约 1%。可与其他抑制剂叠加。聊胜于无。
hospitalSuppressantStandard,items,Item,,,Virus Suppressant,Suppresseur de Virus,Virushemmer,Supresor del Virus,Soppressore del Virus,Supresor wirusa,Supressor do Vírus,Подавитель вируса,Virüs Baskılayıcı,ウイルス抑制剤,病毒抑制剂
hospitalSuppressantStandardDesc,items,Item,,,A makeshift antiviral cocktail. Slowly reduces infection by ~2.5% over 2.5 minutes. Stacks with other suppressants. You'll need more.,"Un cocktail antiviral de fortune. Réduit lentement l'infection d'environ 2,5 % en 2,5 minutes. Cumulable avec d'autres suppresseurs. Il t'en faudra davantage.","Ein improvisierter antiviraler Cocktail. Senkt die Infektion im Verlauf von 2,5 Minuten langsam um etwa 2,5 %. Stapelbar mit anderen Hemmern. Davon wirst du mehr brauchen.","Un cóctel antiviral improvisado. Reduce lentamente la infección un 2,5 % aproximadamente en 2,5 minutos. Acumulable con otros supresores. Necesitarás más.","Un cocktail antivirale improvvisato. Riduce lentamente l'infezione di circa il 2,5 % in 2,5 minuti. Cumulabile con altri soppressori. Te ne serviranno altri.","Prowizoryczny koktajl przeciwwirusowy. Powoli zmniejsza infekcję o około 2,5 % w ciągu 2,5 minuty. Kumuluje się z innymi supresorami. Będziesz potrzebować więcej.","Um coquetel antiviral improvisado. Reduz lentamente a infecção em cerca de 2,5 % ao longo de 2,5 minutos. Acumula com outros supressores. Você vai precisar de mais.","Самодельный противовирусный коктейль. Медленно снижает заражение примерно на 2,5 % за 2,5 минуты. Эффект суммируется с другими подавителями. Одного не хватит.","Derme çatma antiviral karışım. Enfeksiyonu 2,5 dakikada yaklaşık %2,5 oranında yavaşça azaltır. Etkisi diğer baskılayıcılarla birikir. Daha fazlasına ihtiyacın olacak.",間に合わせの抗ウイルス剤。2.5分かけて感染度を約2.5%ゆっくり下げる。他の抑制剤と重ねがけできる。もっと必要になる。,临时调配的抗病毒混合剂。2.5 分钟内将感染度缓慢压低约 2.5%。可与其他抑制剂叠加。你会需要更多。
hospitalSuppressantStrong,items,Item,,,Strong Virus Suppressant,Suppresseur de Virus puissant,Starker Virushemmer,Supresor del Virus potente,Soppressore del Virus potente,Silny supresor wirusa,Supressor do Vírus forte,Сильный подавитель вируса,Güçlü Virüs Baskılayıcı,ウイルス抑制剤（強）,病毒抑制剂（强效）
hospitalSuppressantStrongDesc,items,Item,,,A potent antiviral formula with acid catalyst. Slowly reduces infection by ~6.25% over 6 minutes. Stacks with other suppressants. The strongest you can make.,"Une formule antivirale puissante avec catalyseur acide. Réduit lentement l'infection d'environ 6,25 % en 6 minutes. Cumulable avec d'autres suppresseurs. Le plus puissant que tu puisses fabriquer.","Eine starke antivirale Formel mit Säurekatalysator. Senkt die Infektion im Verlauf von 6 Minuten langsam um etwa 6,25 %. Stapelbar mit anderen Hemmern. Der stärkste Hemmer, den du herstellen kannst.","Una fórmula antiviral potente con catalizador ácido. Reduce lentamente la infección un 6,25 % aproximadamente en 6 minutos. Acumulable con otros supresores. Es el más potente que puedes fabricar.","Una formula antivirale potente con catalizzatore acido. Riduce lentamente l'infezione di circa il 6,25 % in 6 minuti. Cumulabile con altri soppressori. È il più potente che puoi fabbricare.","Silna formuła przeciwwirusowa z katalizatorem kwasowym. Powoli zmniejsza infekcję o około 6,25 % w ciągu 6 minut. Kumuluje się z innymi supresorami. To najsilniejszy supresor, jaki możesz wytworzyć.","Uma fórmula antiviral potente com catalisador ácido. Reduz lentamente a infecção em cerca de 6,25 % ao longo de 6 minutos. Acumula com outros supressores. É o mais forte que você pode fabricar.","Мощная противовирусная формула с кислотным катализатором. Медленно снижает заражение примерно на 6,25 % за 6 минут. Эффект суммируется с другими подавителями. Это самый сильный подавитель, который ты можешь изготовить.","Asit katalizörlü güçlü antiviral formül. Enfeksiyonu 6 dakikada yaklaşık %6,25 oranında yavaşça azaltır. Etkisi diğer baskılayıcılarla birikir. Üretebileceğin en güçlü baskılayıcıdır.",酸を触媒に用いた強力な抗ウイルス処方。6分かけて感染度を約6.25%ゆっくり下げる。他の抑制剤と重ねがけできる。自分で作れる中では最も強力だ。,以酸液为催化剂的强效抗病毒配方。6 分钟内将感染度缓慢压低约 6.25%。可与其他抑制剂叠加。这是你能制作的最强版本。
# ============================================================
# ITEMS — GYRO PARTS
# ============================================================
hospitalGyroSparkPlugs,items,Item,,,Spark Plugs,Bougies d'allumage,Zündkerzen,Bujías,Candele,Świece zapłonowe,Velas de ignição,Свечи зажигания,Bujiler,スパークプラグ,火花塞
hospitalGyroSparkPlugsDesc,items,Item,,,A set of spark plugs salvaged from a biker's motorcycle. Still functional.,Un jeu de bougies récupéré sur la moto d'un motard. Toujours fonctionnel.,Ein Satz Zündkerzen aus dem Motorrad eines Bikers. Noch funktionsfähig.,Un juego de bujías recuperado de la moto de un motero. Todavía funciona.,Un set di candele recuperato dalla moto di un biker. Ancora funzionanti.,Zestaw świec zapłonowych wymontowanych z motocykla. Wciąż sprawne.,Um jogo de velas retirado da moto de um motoqueiro. Ainda funcionam.,"Набор свечей зажигания, снятых с мотоцикла байкера. Они всё ещё работают.",Bir motorcunun motosikletinden sökülmüş buji takımı. Hâlâ çalışıyor.,バイカーのバイクから回収したスパークプラグ一式。まだ使える。,从机车骑士的摩托车上拆下来的一套火花塞。还能用。
hospitalGyroBlades,items,Item,,,Rotor Blades,Pales de rotor,Rotorblätter,Palas del rotor,Pale del rotore,Łopaty wirnika,Pás do rotor,Лопасти ротора,Rotor Kanatları,ローターブレード,旋翼叶片
hospitalGyroBladesDesc,items,Item,,,"Lightweight blades salvaged from hospital ventilation units. Not ideal, but they'll spin.","Des pales légères récupérées sur les ventilations de l'hôpital. Pas idéales, mais elles tourneront.","Leichte Blätter aus den Lüftungsanlagen des Krankenhauses. Nicht ideal, aber sie drehen sich.","Palas ligeras recuperadas de la ventilación del hospital. No son ideales, pero girarán.","Pale leggere recuperate dagli impianti di ventilazione dell'ospedale. Non ideali, ma gireranno.","Lekkie łopaty odzyskane z instalacji wentylacyjnej szpitala. Nie są idealne, ale będą się kręcić.","Pás leves retiradas da ventilação do hospital. Não são ideais, mas vão girar.","Лёгкие лопасти, снятые с вентиляции больницы. Не идеальны, но вращаться будут.",Hastanenin havalandırma ünitelerinden sökülmüş hafif rotor kanatları. İdeal değiller ama dönerler.,病院の換気装置から回収した軽量ブレード。理想的ではないが、回ることは回る。,从医院通风机组上拆下来的轻质叶片。算不上理想，但转得起来。
hospitalGyroControlCables,items,Item,,,Control Cables,Câbles de commande,Steuerkabel,Cables de control,Cavi di comando,Linki sterownicze,Cabos de comando,Тросы управления,Kumanda Kabloları,操縦ケーブル,操纵缆线
hospitalGyroControlCablesDesc,items,Item,,,Wiring and cable assemblies rigged from electrical parts and duct tape. Connects the cockpit to the engine.,Câblage et faisceaux bricolés à partir de pièces électriques et de ruban adhésif en toile. Relie le cockpit au moteur.,Verkabelung und Kabelbäume aus elektrischen Teilen und Klebeband. Verbinden das Cockpit mit dem Motor.,Cableado y mazos improvisados con piezas eléctricas y cinta de embalar. Conecta la cabina con el motor.,Cablaggi e fasci di cavi improvvisati con parti elettriche e nastro adesivo. Collegano la cabina al motore.,Okablowanie i wiązki przewodów sklecone z części elektrycznych i taśmy klejącej. Łączą kokpit z silnikiem.,Fiação e chicotes improvisados com peças de elétrica e fita adesiva. Ligam a cabine ao motor.,"Проводка и жгуты, собранные из электрических деталей и клейкой ленты. Соединяют кабину с двигателем.",Elektrik parçaları ve banttan bir araya getirilmiş kablo ve tesisat demetleri. Kokpiti motora bağlar.,電気部品とダクトテープで組んだ配線とケーブル類。コックピットと操縦系をつなぐ。,用电子零件和胶带拼凑出来的线束。把驾驶舱和操纵系统连起来。
hospitalGyroTailAssembly,items,Item,,,Tail Assembly,Empennage,Heckbaugruppe,Conjunto de cola,Gruppo di coda,Zespół ogonowy,Conjunto de cauda,Хвостовая балка,Kuyruk Takımı,テールアセンブリ,尾翼组件
hospitalGyroTailAssemblyDesc,items,Item,,,"A structural frame salvaged from heavy equipment. With modification, it'll stabilize the gyro in flight.","Un châssis récupéré sur du matériel lourd. Avec quelques modifications, il stabilisera l'autogire en vol.",Ein Rahmen aus schwerem Gerät. Mit ein paar Anpassungen stabilisiert er den Tragschrauber im Flug.,"Un armazón recuperado de maquinaria pesada. Con algunas modificaciones, estabilizará el girocóptero en vuelo.",Un telaio recuperato da un macchinario pesante. Con qualche modifica stabilizzerà il girocottero in volo.,Rama z ciężkiego sprzętu. Po przeróbkach ustabilizuje wiatrakowiec w locie.,"Uma estrutura retirada de equipamento pesado. Com algumas modificações, vai estabilizar o girocóptero em voo.","Каркас, снятый с тяжёлой техники. После доработки он стабилизирует автожир в полёте.",Ağır ekipmandan sökülmüş bir şasi. Biraz değiştirilirse jirokopteri uçuşta dengeler.,重機から回収した構造フレーム。手を加えれば飛行中のジャイロコプターを安定させられる。,从重型设备上拆下的结构框架。稍加改装就能让旋翼机在飞行中保持稳定。
# ============================================================
# ITEMS — OTHER
# ============================================================
hospitalSurvivalGuide,items,Item,,,Hospital Survival Guide,Guide de survie de l'hôpital,Krankenhaus-Überlebensratgeber,Guía de supervivencia del hospital,Guida alla sopravvivenza dell'ospedale,Szpitalny poradnik przetrwania,Guia de sobrevivência do hospital,Больничное руководство по выживанию,Hastanede Hayatta Kalma Rehberi,病院サバイバルガイド,医院生存指南
hospitalSurvivalGuideDesc,items,Item,,,"You wake up infected in Navezgane Hospital. The virus is killing you slowly. The only cure is at Trader Jen's clinic — but the streets are overrun.

A wrecked gyrocopter sits on the roof. Find parts to fix it. Fly to Jen. Get the cure.

Suppressants slow the virus but never cure it. Find them in medical supplies or craft them at the chemistry station.

Parts come from the dead — search every zombie you kill. The clock is ticking.","Tu te réveilles infecté à Navezgane Hospital. Le virus te tue à petit feu. Le seul remède se trouve à la clinique de Trader Jen — mais les rues sont envahies.

Un autogire en épave se trouve sur le toit. Trouve des pièces pour le réparer. Vole jusqu'à Jen. Prends le remède.

Les suppresseurs ralentissent le virus mais ne le guérissent jamais. Trouve-les dans les fournitures médicales ou fabrique-les à l'atelier de chimie.

Les pièces viennent des morts — fouille chaque zombie que tu tues. Le temps presse.","Du wachst infiziert im Navezgane Hospital auf. Der Virus tötet dich langsam. Das einzige Heilmittel liegt in Trader Jens Klinik — aber die Straßen sind überrannt.

Auf dem Dach steht ein zerstörter Tragschrauber. Finde Teile, um ihn zu reparieren. Flieg zu Jen. Hol das Heilmittel.

Hemmer verlangsamen den Virus, heilen ihn aber nie. Finde sie in medizinischen Vorräten oder stelle sie an der Chemiestation her.

Die Teile kommen von den Toten — durchsuch jeden Zombie, den du tötest. Die Uhr läuft.","Despiertas infectado en el Navezgane Hospital. El virus te está matando poco a poco. La única cura está en la clínica de Trader Jen, pero las calles están tomadas.

Hay un girocóptero destrozado en el tejado. Busca piezas para repararlo. Vuela hasta Jen. Consigue la cura.

Los supresores ralentizan el virus, pero nunca lo curan. Encuéntralos en suministros médicos o fabrícalos en la estación de química.

Las piezas salen de los muertos: registra a cada zombi que mates. El reloj corre.","Ti svegli infetto al Navezgane Hospital. Il virus ti sta uccidendo lentamente. L'unica cura è alla clinica di Trader Jen — ma le strade sono invase.

Sul tetto c'è un girocottero distrutto. Trova i pezzi per ripararlo. Vola da Jen. Prendi la cura.

I soppressori rallentano il virus ma non lo curano mai. Trovali nelle forniture mediche o fabbricali alla stazione chimica.

I pezzi vengono dai morti: fruga ogni zombie che uccidi. Il tempo stringe.","Budzisz się zarażony w Navezgane Hospital. Wirus powoli cię zabija. Jedyne lekarstwo znajduje się w klinice Trader Jen — ale ulice są opanowane przez zakażonych.

Na dachu stoi zniszczony wiatrakowiec. Znajdź części, by go naprawić. Leć do Jen. Zdobądź lekarstwo.

Supresory spowalniają wirusa, ale go nie leczą. Szukaj ich w zapasach medycznych albo wytwarzaj przy stacji chemicznej.

Potrzebne części znajdziesz przy zabitych zakażonych — przeszukuj każdego zombie, którego zabijesz. Czas ucieka.","Você acorda infectado no Navezgane Hospital. O vírus está te matando aos poucos. A única cura está na clínica da Trader Jen — mas as ruas estão tomadas.

Há um girocóptero destruído no telhado. Ache peças para consertá-lo. Voe até Jen. Pegue a cura.

Os supressores retardam o vírus, mas nunca o curam. Encontre-os em suprimentos médicos ou fabrique-os na estação de química.

As peças vêm dos mortos — reviste cada zumbi que matar. O tempo está acabando.","Ты приходишь в себя заражённым в Navezgane Hospital. Вирус медленно тебя убивает. Единственное лекарство — в клинике Trader Jen, но улицы кишат заражёнными.

На крыше стоит разбитый автожир. Найди детали и почини его. Лети к Jen. Забери лекарство.

Подавители замедляют вирус, но не лечат. Ищи их среди медицинских припасов или изготавливай на химической станции.

Детали можно добыть с убитых заражённых — обыскивай каждого зомби. Время уходит.","Navezgane Hospital'da enfekte hâlde uyanıyorsun. Virüs seni yavaşça öldürüyor. Tek tedavi Trader Jen'in kliniğinde — ama sokaklar istila altında.

Çatıda enkaz hâlinde bir jirokopter var. Onarmak için parça bul. Jen'e uç. Tedaviyi al.

Baskılayıcılar virüsü yavaşlatır ama onu asla tamamen ortadan kaldırmaz. Tıbbi malzemeler arasında bulabilir ya da kimya istasyonunda üretebilirsin.

Parçaları ölülerden bulabilirsin — öldürdüğün her zombiyi ara. Zaman daralıyor.","Navezgane Hospital で感染した状態で目を覚ます。ウイルスはゆっくりとあなたを蝕んでいく。治療薬はトレーダー・ジェンの診療所にしかないが、街路は占拠されている。

屋上に大破したジャイロコプターがある。部品を集めて直せ。ジェンの所へ飛べ。治療薬を手に入れろ。

抑制剤はウイルスを遅らせるだけで、決して治しはしない。医療品から探すか、化学実験ステーションで作れ。

部品は死者から出る。倒したゾンビは必ず調べろ。時間は刻一刻と減っていく。","你在纳维戈恩医院醒来，已经被感染。病毒正在慢慢杀死你。唯一的解药在商人杰恩的诊所，但街道已经被占领。

楼顶有一架损毁的旋翼机。找齐零件修好它。飞去杰恩那里。拿到解药。

抑制剂只能延缓病毒，永远无法治愈。在医疗物资里找，或者在化学工作站制作。

零件来自死者——搜遍你杀死的每一只丧尸。时间不等人。"
hospitalTheCure,items,Item,,,The Cure,Le remède,Das Heilmittel,La cura,La cura,Lekarstwo,A cura,Лекарство,Tedavi,治療薬,解药
hospitalTheCureDesc,items,Item,,,A prototype antiviral developed before the outbreak. One dose. One chance. This is it.,Un antiviral expérimental mis au point avant l'épidémie. Une dose. Une seule chance. C'est maintenant ou jamais.,Ein experimentelles Virostatikum aus der Zeit vor dem Ausbruch. Eine Dosis. Eine Chance. Das ist es.,Un antiviral experimental desarrollado antes del brote. Una dosis. Una oportunidad. Es ahora o nunca.,Un antivirale sperimentale sviluppato prima dell'epidemia. Una dose. Una sola possibilità. È tutto qui.,Eksperymentalny lek przeciwwirusowy opracowany przed wybuchem epidemii. Jedna dawka. Jedna szansa. To jest to.,Um antiviral experimental desenvolvido antes do surto. Uma dose. Uma chance. É isso.,"Экспериментальный противовирусный препарат, созданный до вспышки. Одна доза. Один шанс. Вот и всё.",Salgından önce geliştirilen deneysel bir antiviral. Tek doz. Tek şans. İşte bu.,アウトブレイク前に開発された試作抗ウイルス薬。一回分。一度きりのチャンス。これがそれだ。,疫情爆发前研制的实验性抗病毒药。一剂。只有一次机会。就是它了。
# ============================================================
# CHALLENGES — CATEGORY
# ============================================================
hospitalCategoryName,challenges,Challenge,,,Hospital Challenge,Défi de l'hôpital,Krankenhaus-Herausforderung,Desafío del hospital,Sfida dell'ospedale,Wyzwanie szpitalne,Desafio do hospital,Больничное испытание,Hastane Mücadelesi,病院チャレンジ,医院挑战
# ============================================================
# CHALLENGES — GROUPS
# ============================================================
hospitalGroupAssessName,challenges,Challenge,,,Assess the Situation,Évaluer la situation,Lage einschätzen,Evaluar la situación,Valuta la situazione,Oceń sytuację,Avaliar a situação,Оценить обстановку,Durumu Değerlendir,状況を把握する,评估局势
hospitalGroupAssessReward,challenges,Challenge,,,Get your bearings. Kill what's in your way.,Repère-toi. Élimine ce qui te barre la route.,"Verschaff dir einen Überblick. Töte, was im Weg steht.",Oriéntate. Mata lo que se interponga.,Orientati. Uccidi ciò che ti ostacola.,"Rozejrzyj się. Zabij to, co stoi na drodze.",Oriente-se. Mate o que estiver no caminho.,"Осмотрись. Убей всё, что мешает.",Etrafı kolaçan et. Yoluna çıkanı öldür.,まず位置を掴め。邪魔するものは排除しろ。,先弄清方位。挡路的一律清掉。
hospitalGroupPartsName,challenges,Challenge,,,Gather Parts,Rassembler les pièces,Teile sammeln,Reunir piezas,Raccogli i pezzi,Zbierz części,Reunir peças,Собрать детали,Parçaları Topla,部品を集める,收集零件
hospitalGroupPartsReward,challenges,Challenge,,,Find what you need to fix the gyro.,Trouve ce qu'il te faut pour réparer l'autogire.,"Finde, was du zur Reparatur des Tragschraubers brauchst.",Encuentra lo necesario para reparar el girocóptero.,Trova ciò che serve per riparare il girocottero.,"Znajdź to, czego potrzebujesz do naprawy wiatrakowca.",Encontre o que precisa para consertar o girocóptero.,Найди всё необходимое для ремонта автожира.,Jirokopteri onarmak için gerekenleri bul.,ジャイロコプターの修理に必要なものを見つけろ。,找齐修好旋翼机所需的东西。
hospitalGroupRepairName,challenges,Challenge,,,Repair the Gyro,Réparer l'autogire,Tragschrauber reparieren,Reparar el girocóptero,Ripara il girocottero,Napraw wiatrakowiec,Consertar o girocóptero,Отремонтировать автожир,Jirokopteri Onar,ジャイロコプターを修理する,修复旋翼机
hospitalGroupRepairReward,challenges,Challenge,,,Get that bird airborne.,Fais décoller cet engin.,Bring den Vogel in die Luft.,Haz que ese trasto despegue.,Fai decollare quel coso.,Poderwij tę maszynę w powietrze.,Faça esse troço decolar.,Подними эту птичку в воздух.,Şu kuşu havalandır.,あの機体を飛ばせ。,让那玩意儿飞起来。
hospitalGroupEscapeName,challenges,Challenge,,,Escape,S'échapper,Entkommen,Escapar,Fuga,Ucieczka,Escapar,Побег,Kaçış,脱出,逃离
hospitalGroupEscapeReward,challenges,Challenge,,,Fly to Jen. Get the cure. Live.,Vole jusqu'à Jen. Prends le remède. Vis.,Flieg zu Jen. Hol das Heilmittel. Überlebe.,Vuela hasta Jen. Consigue la cura. Vive.,Vola da Jen. Prendi la cura. Sopravvivi.,Leć do Jen. Zdobądź lekarstwo. Przeżyj.,Voe até Jen. Pegue a cura. Viva.,Лети к Jen. Забери лекарство. Живи.,Jen'e uç. Tedaviyi al. Yaşa.,ジェンの所へ飛べ。治療薬を手に入れろ。生き延びろ。,飞去杰恩那里。拿到解药。活下去。
# ============================================================
# CHALLENGES — INDIVIDUAL
# ============================================================
hospitalKillZombies,challenges,Challenge,,,Clear the ER,Nettoyer les urgences,Notaufnahme räumen,Despejar urgencias,Sgombera il pronto soccorso,Oczyść izbę przyjęć,Limpar a emergência,Зачистить приёмный покой,Acili Temizle,救急外来を制圧する,清理急诊科
hospitalKillZombiesShort,challenges,Challenge,,,Kill 10 zombies,Tuer 10 zombies,10 Zombies töten,Matar 10 zombis,Uccidi 10 zombie,Zabij 10 zombie,Matar 10 zumbis,Убить 10 зомби,10 zombi öldür,ゾンビを10体倒す,击杀 10 只丧尸
hospitalKillZombiesDesc,challenges,Challenge,,,The hospital is crawling with the infected. Clear enough to move freely and find what you need.,L'hôpital grouille d'infectés. Dégage-en assez pour circuler librement et trouver ce qu'il te faut.,"Das Krankenhaus wimmelt von Infizierten. Räum genug von ihnen aus dem Weg, damit du dich frei bewegen und finden kannst, was du brauchst.",El hospital está plagado de infectados. Despeja lo suficiente para moverte con libertad y encontrar lo que necesitas.,L'ospedale brulica di infetti. Fanne fuori abbastanza per muoverti liberamente e trovare ciò che ti serve.,"Szpital roi się od zakażonych. Przetrzeb ich na tyle, by się swobodnie poruszać i znaleźć to, czego potrzebujesz.",O hospital está infestado de infectados. Elimine infectados suficientes para circular e achar o que precisa.,"Больница кишит заражёнными. Зачисти достаточно места, чтобы свободно передвигаться и найти нужное.",Hastane enfektelerle kaynıyor. Rahatça hareket edip ihtiyacın olanı bulabilecek kadarını temizle.,病院は感染者だらけだ。自由に動き回り、必要なものを探せるだけ片付けろ。,医院里到处都是感染者。清出足够的空间，让你能自由走动、找到需要的东西。
hospitalGetRadiator,challenges,Challenge,,,Find a Radiator,Trouver un radiateur,Kühler finden,Encontrar un radiador,Trova un radiatore,Znajdź chłodnicę,Encontrar um radiador,Найти радиатор,Radyatör Bul,ラジエーターを見つける,找到散热器
hospitalGetRadiatorShort,challenges,Challenge,,,Obtain a radiator,Obtenir un radiateur,Einen Kühler beschaffen,Conseguir un radiador,Ottieni un radiatore,Zdobądź chłodnicę,Obter um radiador,Добыть радиатор,Bir radyatör edin,ラジエーターを入手する,获得一个散热器
hospitalGetRadiatorDesc,challenges,Challenge,,,"The gyro needs a cooling system. Wrench the hospital's air conditioning units for a radiator. Not every unit has one, so keep looking.","L'autogire a besoin d'un circuit de refroidissement. Démonte les climatiseurs de l'hôpital à la clé pour récupérer un radiateur. Tous n'en contiennent pas, alors continue de chercher.","Der Tragschrauber braucht ein Kühlsystem. Zerleg die Klimaanlagen des Krankenhauses mit dem Schraubenschlüssel, um einen Kühler zu bekommen. Nicht jede Anlage hat einen, also such weiter.","El girocóptero necesita un sistema de refrigeración. Desmonta con llave inglesa los aires acondicionados del hospital para conseguir un radiador. No todos tienen uno, así que sigue buscando.","Il girocottero ha bisogno di un impianto di raffreddamento. Smonta con la chiave inglese i condizionatori dell'ospedale per ottenere un radiatore. Non tutti ne hanno uno, quindi continua a cercare.","Wiatrakowiec potrzebuje układu chłodzenia. Rozbierz kluczem klimatyzatory w szpitalu, żeby zdobyć chłodnicę. Nie każdy ją ma, więc szukaj dalej.","O girocóptero precisa de um sistema de arrefecimento. Desmonte com a chave inglesa os aparelhos de ar-condicionado do hospital para conseguir um radiador. Nem todos têm um, então continue procurando.","Автожиру нужна система охлаждения. Разбирай гаечным ключом больничные кондиционеры, чтобы достать радиатор. Он есть не в каждом, так что продолжай искать.","Jirokopterin soğutma sistemine ihtiyacı var. Radyatör için hastanenin klimalarını İngiliz anahtarıyla sök. Her ünitede bulunmaz, aramaya devam et.",ジャイロコプターには冷却系が要る。病院のエアコン室外機をレンチで解体してラジエーターを手に入れろ。すべての機体に入っているわけではないので、探し続けること。,旋翼机需要冷却系统。用扳手拆解医院的空调外机来获得散热器。并不是每台都有，继续找。
hospitalGetWater,challenges,Challenge,,,Collect Water,Récupérer de l'eau,Wasser beschaffen,Recoger agua,Raccogli acqua,Zbierz wodę,Coletar água,Набрать воды,Su Topla,水を確保する,取得水源
hospitalGetWaterShort,challenges,Challenge,,,Obtain water for the cooling system,Obtenir de l'eau pour le circuit de refroidissement,Wasser für das Kühlsystem beschaffen,Conseguir agua para el sistema de refrigeración,Ottieni acqua per l'impianto di raffreddamento,Zdobądź wodę do układu chłodzenia,Obter água para o sistema de arrefecimento,Добыть воду для системы охлаждения,Soğutma sistemi için su edin,冷却系用の水を入手する,为冷却系统取水
hospitalGetWaterDesc,challenges,Challenge,,,The radiator needs fluid. Murky water will do. Find a water source.,Le radiateur a besoin de liquide. De l'eau trouble fera l'affaire. Trouve une source d'eau.,Der Kühler braucht Flüssigkeit. Trübes Wasser reicht. Finde eine Wasserquelle.,El radiador necesita líquido. Con agua turbia basta. Encuentra una fuente de agua.,Il radiatore ha bisogno di liquido. Va bene anche acqua torbida. Trova una fonte d'acqua.,Chłodnica potrzebuje płynu. Wystarczy mętna woda. Znajdź źródło wody.,O radiador precisa de líquido. Água turva serve. Encontre uma fonte de água.,Радиатору нужна жидкость. Подойдёт и мутная вода. Найди источник воды.,Radyatöre sıvı gerekiyor. Bulanık su da iş görür. Bir su kaynağı bul.,ラジエーターには液体が要る。泥水で構わない。水源を見つけろ。,散热器需要液体。浑浊的水就行。找一处水源。
hospitalGetEngine,challenges,Challenge,,,Find a Small Engine,Trouver un petit moteur,Kleinen Motor finden,Encontrar un motor pequeño,Trova un piccolo motore,Znajdź mały silnik,Encontrar um motor pequeno,Найти небольшой двигатель,Küçük Motor Bul,小型エンジンを見つける,找到小型发动机
hospitalGetEngineShort,challenges,Challenge,,,Find a small engine,Trouver un petit moteur,Einen kleinen Motor finden,Encontrar un motor pequeño,Trova un piccolo motore,Znajdź mały silnik,Encontrar um motor pequeno,Найти небольшой двигатель,Küçük bir motor bul,小型エンジンを見つける,找到小型发动机
hospitalGetEngineDesc,challenges,Challenge,,,"You need a working engine to power the gyrocopter. Kill utility workers and janitors and check their bags, or craft one at the workbench if you have the parts.","Il te faut un moteur en état de marche pour l'autogire. Tue les agents d'entretien et les concierges et fouille leurs sacs, ou fabriques-en un à l'établi si tu as les pièces.","Du brauchst einen funktionierenden Motor für den Tragschrauber. Töte Instandhalter und Hausmeister und durchsuch ihre Taschen, oder bau dir an der Werkbank einen, wenn du die Teile hast.","Necesitas un motor que funcione para el girocóptero. Mata a operarios de mantenimiento y conserjes y registra sus bolsas, o fabrica uno en la mesa de trabajo si tienes las piezas.","Ti serve un motore funzionante per il girocottero. Uccidi addetti alla manutenzione e custodi e fruga nelle loro borse, oppure costruiscine uno al banco da lavoro se hai i pezzi.","Potrzebujesz sprawnego silnika do wiatrakowca. Zabijaj konserwatorów i woźnych i przeszukuj ich torby albo zbuduj silnik przy stole warsztatowym, jeśli masz części.","Você precisa de um motor funcionando para o girocóptero. Mate trabalhadores da manutenção e zeladores e reviste as bolsas deles, ou fabrique um na bancada se tiver as peças.","Для автожира нужен рабочий двигатель. Убивай техников и уборщиков и обыскивай их сумки либо собери двигатель на верстаке, если есть детали.",Jirokopter için çalışan bir motora ihtiyacın var. Bakım görevlilerini ve hademeleri öldürüp çantalarına bak ya da parçaların varsa çalışma tezgâhında bir tane üret.,ジャイロコプターを動かすには使えるエンジンが要る。設備作業員や清掃員を倒してバッグを調べるか、部品が揃っているなら作業台で作れ。,旋翼机需要一台能用的发动机。击杀维修工和清洁工并搜他们的背包，或者在工作台上自己造一台（如果零件够的话）。
hospitalGetBattery,challenges,Challenge,,,Find a Car Battery,Trouver une batterie de voiture,Autobatterie finden,Encontrar una batería de coche,Trova una batteria per auto,Znajdź akumulator samochodowy,Encontrar uma bateria automotiva,Найти автомобильный аккумулятор,Araba Aküsü Bul,カーバッテリーを見つける,找到汽车蓄电池
hospitalGetBatteryShort,challenges,Challenge,,,Scavenge a car battery,Récupérer une batterie de voiture,Eine Autobatterie auftreiben,Conseguir una batería de coche,Recupera una batteria per auto,Zdobądź akumulator samochodowy,Conseguir uma bateria automotiva,Раздобыть автомобильный аккумулятор,Bir araba aküsü bul,カーバッテリーを調達する,弄到一块汽车蓄电池
hospitalGetBatteryDesc,challenges,Challenge,,,"The gyrocopter needs a battery. Check maintenance areas, janitor trolleys, and any vehicles you can get into. You can also craft one at the chemistry station if you have enough lead and acid.","L'autogire a besoin d'une batterie. Fouille les zones techniques, les chariots de concierge et tous les véhicules accessibles. Tu peux aussi en fabriquer une à l'atelier de chimie si tu as assez de plomb et d'acide.","Der Tragschrauber braucht eine Batterie. Sieh in Technikräumen, Hausmeisterwagen und allen Fahrzeugen nach, in die du kommst. Du kannst auch eine an der Chemiestation bauen, wenn du genug Blei und Säure hast.","El girocóptero necesita una batería. Mira en zonas de mantenimiento, carritos de conserje y cualquier vehículo al que puedas entrar. También puedes fabricar una en la estación de química si tienes suficiente plomo y ácido.","Il girocottero ha bisogno di una batteria. Controlla i locali tecnici, i carrelli dei custodi e qualsiasi veicolo in cui riesci a entrare. Puoi anche costruirne una alla stazione chimica se hai abbastanza piombo e acido.","Wiatrakowiec potrzebuje akumulatora. Sprawdź pomieszczenia techniczne, wózki woźnych i wszystkie pojazdy, do których się dostaniesz. Możesz też zbudować akumulator przy stacji chemicznej, jeśli masz dość ołowiu i kwasu.","O girocóptero precisa de uma bateria. Procure nas áreas de manutenção, nos carrinhos de zelador e em qualquer veículo em que consiga entrar. Também dá para fabricar uma na estação de química se tiver chumbo e ácido suficientes.","Автожиру нужен аккумулятор. Проверь технические помещения, тележки уборщиков и любые машины, куда сможешь забраться. Ещё его можно собрать на химической станции, если хватит свинца и кислоты.","Jirokopterin aküye ihtiyacı var. Bakım alanlarına, hademe arabalarına ve girebildiğin her araca bak. Yeterince kurşun ve asidin varsa kimya istasyonunda da üretebilirsin.",ジャイロコプターにはバッテリーが要る。設備エリア、清掃カート、入れる車両をすべて調べろ。鉛と酸が十分あれば化学実験ステーションでも作れる。,旋翼机需要蓄电池。搜查维修区、清洁推车和任何能进去的车辆。如果铅和酸液足够，也可以在化学工作站制作。
hospitalGetSparkPlugs,challenges,Challenge,,,Find Spark Plugs,Trouver des bougies d'allumage,Zündkerzen finden,Encontrar bujías,Trova le candele,Znajdź świece zapłonowe,Encontrar velas de ignição,Найти свечи зажигания,Buji Bul,スパークプラグを見つける,找到火花塞
hospitalGetSparkPlugsShort,challenges,Challenge,,,Obtain spark plugs from bikers,Obtenir des bougies auprès des motards,Zündkerzen von Bikern beschaffen,Conseguir bujías de los moteros,Ottieni candele dai biker,Zdobądź świece od motocyklistów,Obter velas com os motoqueiros,Добыть свечи у байкеров,Bujileri motorculardan al,バイカーからスパークプラグを入手する,从机车骑士身上取得火花塞
hospitalGetSparkPlugsDesc,challenges,Challenge,,,The bikers rode in during the outbreak. Their motorcycles are gone but the riders aren't. Kill them and check for spark plugs.,"Les motards sont arrivés pendant l'épidémie. Leurs motos ont disparu, mais pas eux. Tue-les et cherche des bougies.","Die Biker kamen während des Ausbruchs an. Ihre Motorräder sind weg, die Fahrer nicht. Töte sie und such nach Zündkerzen.","Los moteros llegaron durante el brote. Sus motos ya no están, pero ellos sí. Mátalos y busca bujías.","I biker sono arrivati durante l'epidemia. Le loro moto non ci sono più, loro sì. Uccidili e cerca le candele.","Motocykliści przyjechali w trakcie epidemii. Ich motocykli już nie ma, ale oni zostali. Zabij ich i poszukaj świec.","Os motoqueiros chegaram durante o surto. As motos sumiram, eles não. Mate-os e procure velas.","Байкеры приехали во время вспышки. Их мотоциклов больше нет, а сами они остались. Убей их и поищи свечи.",Motorcular salgın sırasında geldi. Motosikletleri gitti ama sürücüler burada. Onları öldür ve buji ara.,バイカーたちはアウトブレイクの最中に乗り付けてきた。バイクは消えたが、乗り手は残っている。倒してスパークプラグを探せ。,机车骑士是在疫情期间骑进来的。他们的摩托车不见了，人还在。杀掉他们，找火花塞。
hospitalGetControlCables,challenges,Challenge,,,Craft Control Cables,Fabriquer des câbles de commande,Steuerkabel herstellen,Fabricar cables de control,Fabbrica cavi di comando,Wytwórz linki sterownicze,Fabricar cabos de comando,Изготовить тросы управления,Kumanda Kabloları Üret,操縦ケーブルを作る,制作操纵缆线
hospitalGetControlCablesShort,challenges,Challenge,,,Craft cables at the workbench,Fabriquer les câbles à l'établi,Kabel an der Werkbank herstellen,Fabricar los cables en la mesa de trabajo,Fabbrica i cavi al banco da lavoro,Wytwórz linki przy stole warsztatowym,Fabricar os cabos na bancada,Изготовить тросы на верстаке,Kabloları çalışma tezgâhında üret,作業台でケーブルを作る,在工作台制作缆线
hospitalGetControlCablesDesc,challenges,Challenge,,,"You need wiring to connect the cockpit to the engine. Gather electrical parts and duct tape, then assemble at the workbench.","Il te faut du câblage pour relier le cockpit au moteur. Rassemble des pièces électriques et du ruban adhésif en toile, puis assemble le tout à l'établi.","Du brauchst Kabel, um das Cockpit mit dem Motor zu verbinden. Sammle elektrische Teile und Klebeband und bau sie an der Werkbank zusammen.","Necesitas cableado para conectar la cabina con el motor. Reúne piezas eléctricas y cinta de embalar, y móntalo en la mesa de trabajo.","Ti serve del cablaggio per collegare la cabina al motore. Raccogli parti elettriche e nastro adesivo, poi assembla il tutto al banco da lavoro.","Potrzebujesz okablowania, by połączyć kokpit z silnikiem. Zbierz części elektryczne i taśmę klejącą, a potem złóż całość przy stole warsztatowym.",Você precisa de fiação para ligar a cabine ao motor. Junte peças de elétrica e fita adesiva e monte na bancada.,"Нужна проводка, чтобы соединить кабину с двигателем. Собери электрические детали и клейкую ленту, затем изготовь тросы на верстаке.","Kokpiti motora bağlamak için kablolara ihtiyacın var. Elektrik parçaları ve bant topla, sonra çalışma tezgâhında birleştir.",コックピットとエンジンをつなぐ配線が要る。電気部品とダクトテープを集め、作業台で組み立てろ。,你需要线束把驾驶舱和发动机连起来。收集电子零件和胶带，然后在工作台上组装。
hospitalGetTailAssembly,challenges,Challenge,,,Find a Tail Assembly,Trouver un empennage,Heckbaugruppe finden,Encontrar un conjunto de cola,Trova un gruppo di coda,Znajdź zespół ogonowy,Encontrar um conjunto de cauda,Найти хвостовую балку,Kuyruk Takımı Bul,テールアセンブリを見つける,找到尾翼组件
hospitalGetTailAssemblyShort,challenges,Challenge,,,Obtain tail assembly from cops,Récupérer un empennage sur les zombies policiers,Heckbaugruppe von Cops beschaffen,Conseguir el conjunto de cola de los policías,Ottieni il gruppo di coda dai poliziotti,Zdobądź zespół ogonowy od policjantów,Obter o conjunto de cauda com os policiais,Добыть хвостовую балку у копов,Kuyruk takımını polislerden al,警官からテールアセンブリを入手する,从警察身上取得尾翼组件
hospitalGetTailAssemblyDesc,challenges,Challenge,,,"The cop zombies are tough, but they're carrying equipment that can be repurposed as a tail stabilizer. Kill them and take it.","Les zombies policiers sont coriaces, mais ils transportent du matériel qui peut servir d'empennage. Tue-les et récupère-le.","Die Cop-Zombies sind zäh, tragen aber Ausrüstung, die sich als Heckstabilisator zweckentfremden lässt. Töte sie und nimm sie mit.","Los zombis policía son duros, pero llevan equipo que puede reutilizarse como estabilizador de cola. Mátalos y quédatelo.","Gli zombie poliziotti sono resistenti, ma hanno con sé attrezzatura riutilizzabile come stabilizzatore di coda. Uccidili e prendila.","Zombie policjanci są twardzi, ale noszą sprzęt, który da się przerobić na stabilizator ogona. Zabij ich i zabierz go.","Os zumbis policiais são resistentes, mas carregam equipamento que dá para reaproveitar como estabilizador de cauda. Mate-os e pegue a peça.","Зомби-копы живучие, но носят снаряжение, которое сгодится как хвостовой стабилизатор. Убей их и забери.",Polis zombiler dayanıklıdır ama kuyruk dengeleyicisine dönüştürülebilecek ekipman taşırlar. Onları öldür ve al.,警官ゾンビは手強いが、テールの安定板に転用できる装備を持っている。倒して奪え。,警察丧尸很难缠，但他们身上的装备可以改造成尾翼稳定件。杀掉他们拿走。
hospitalGetBlades,challenges,Challenge,,,Salvage Rotor Blades,Récupérer des pales de rotor,Rotorblätter bergen,Recuperar palas del rotor,Recupera le pale del rotore,Odzyskaj łopaty wirnika,Recuperar pás do rotor,Достать лопасти ротора,Rotor Kanatlarını Sök,ローターブレードを回収する,回收旋翼叶片
hospitalGetBladesShort,challenges,Challenge,,,Wrench air conditioning units,Démonter les climatiseurs à la clé,Klimaanlagen mit dem Schraubenschlüssel zerlegen,Desmontar aires acondicionados con la llave,Smonta i condizionatori con la chiave inglese,Rozbieraj klimatyzatory kluczem,Desmontar aparelhos de ar-condicionado,Разбирать кондиционеры ключом,Klimaları İngiliz anahtarıyla sök,エアコン室外機をレンチで解体する,用扳手拆解空调外机
hospitalGetBladesDesc,challenges,Challenge,,,"The hospital's industrial ventilation fans have blades that could work as rotors. Wrench every AC unit you find. The more you salvage, the better your chances.","Les ventilateurs industriels de l'hôpital ont des pales qui pourraient faire office de rotors. Démonte à la clé tous les climatiseurs que tu croises. Plus tu en récupères, meilleures sont tes chances.","Die Industrielüfter des Krankenhauses haben Blätter, die als Rotoren taugen könnten. Zerleg jede Klimaanlage, die du findest. Je mehr du bergen kannst, desto besser stehen deine Chancen.","Los ventiladores industriales del hospital tienen palas que podrían servir de rotores. Desmonta con la llave todos los aires acondicionados que veas. Cuantos más recuperes, mejores serán tus posibilidades.","Le ventole industriali dell'ospedale hanno pale che potrebbero fare da rotori. Smonta con la chiave inglese ogni condizionatore che trovi. Più ne recuperi, più aumentano le tue possibilità.","Przemysłowe wentylatory szpitala mają łopaty, które mogą posłużyć za wirniki. Rozbieraj kluczem każdy klimatyzator, jaki znajdziesz. Im więcej odzyskasz, tym większe masz szanse.","Os ventiladores industriais do hospital têm pás que podem servir de rotores. Desmonte com a chave inglesa todo aparelho de ar-condicionado que encontrar. Quanto mais recuperar, melhores as suas chances.","У промышленных вентиляторов больницы есть лопасти, которые сгодятся вместо роторных. Разбирай ключом каждый кондиционер, который найдёшь. Чем больше добудешь, тем выше шансы.",Hastanenin endüstriyel havalandırma fanlarının kanatları rotor olarak kullanılabilir. Bulduğun her klimayı İngiliz anahtarıyla sök. Ne kadar çok parça çıkarırsan şansın o kadar artar.,病院の業務用換気ファンには、ローターとして使えそうなブレードが入っている。見つけたエアコン室外機はすべてレンチで解体しろ。数をこなすほど見つかる見込みは上がる。,医院的工业风机叶片或许能当旋翼用。见到空调外机就用扳手拆。拆得越多，找到的机会越大。
hospitalRepairGyro,challenges,Challenge,,,Repair the Gyrocopter,Réparer l'autogire,Tragschrauber reparieren,Reparar el girocóptero,Ripara il girocottero,Napraw wiatrakowiec,Consertar o girocóptero,Отремонтировать автожир,Jirokopteri Onar,ジャイロコプターを修理する,修复旋翼机
hospitalRepairGyroShort,challenges,Challenge,,,Install all parts on the rooftop gyro,Installer toutes les pièces sur l'autogire du toit,Alle Teile am Tragschrauber auf dem Dach einbauen,Instalar todas las piezas en el girocóptero del tejado,Installa tutti i pezzi sul girocottero sul tetto,Zamontuj wszystkie części w wiatrakowcu na dachu,Instalar todas as peças no girocóptero do telhado,Установить все детали на автожир на крыше,Tüm parçaları çatıdaki jirokoptere tak,屋上の機体にすべての部品を取り付ける,把所有零件装到楼顶的旋翼机上
hospitalRepairGyroDesc,challenges,Challenge,,,The chassis is on the roof. You have the parts. Put it together and pray it flies.,Le châssis est sur le toit. Tu as les pièces. Assemble tout ça et prie pour que ça vole.,"Das Chassis ist auf dem Dach. Du hast die Teile. Bau es zusammen und bete, dass es fliegt.",El chasis está en el tejado. Tienes las piezas. Móntalo y reza para que vuele.,Il telaio è sul tetto. Hai i pezzi. Montalo e prega che voli.,"Kadłub jest na dachu. Masz części. Złóż to i módl się, żeby poleciało.",O chassi está no telhado. Você tem as peças. Monte tudo e reze para que voe.,"Корпус на крыше. Детали у тебя. Собери всё и молись, чтобы полетело.",Gövde çatıda. Parçalar sende. Hepsini birleştir ve uçması için dua et.,機体は屋上にある。部品は揃っている。組み上げて、飛ぶことを祈れ。,机身在楼顶。零件你有了。装起来，然后祈祷它能飞。
hospitalEscape,challenges,Challenge,,,Fly to Trader Jen,Voler jusqu'à Trader Jen,Zu Trader Jen fliegen,Volar hasta Trader Jen,Vola da Trader Jen,Leć do Trader Jen,Voar até Trader Jen,Лететь к Trader Jen,Trader Jen'e Uç,トレーダー・ジェンの所へ飛ぶ,飞往商人杰恩处
hospitalEscapeShort,challenges,Challenge,,,Reach the cure,Atteindre le remède,Das Heilmittel erreichen,Llegar a la cura,Raggiungi la cura,Dostań się do lekarstwa,Chegar até a cura,Добраться до лекарства,Tedaviye ulaş,治療薬にたどり着く,抵达解药
hospitalEscapeDesc,challenges,Challenge,,,Jen has the only known cure. Fly the gyro to her clinic. Land. Get the injection. Live to tell about it.,Jen possède le seul remède connu. Pilote l'autogire jusqu'à sa clinique. Pose-toi. Fais-toi injecter le remède. Survis pour pouvoir le raconter.,"Jen hat das einzige bekannte Heilmittel. Flieg mit dem Tragschrauber zu ihrer Klinik. Lande. Hol dir die Spritze. Überlebe, um davon zu erzählen.",Jen tiene la única cura conocida. Vuela con el girocóptero hasta su clínica. Aterriza. Ponte la inyección. Vive para contarlo.,Jen ha l'unica cura conosciuta. Porta il girocottero fino alla sua clinica. Atterra. Fatti l'iniezione. Sopravvivi per raccontarlo.,"Jen ma jedyne znane lekarstwo. Doleć wiatrakowcem do jej kliniki. Wyląduj. Przyjmij zastrzyk. Przeżyj, żeby o tym opowiedzieć.",Jen tem a única cura conhecida. Voe com o girocóptero até a clínica dela. Pouse. Tome a injeção. Viva para contar.,"У Jen единственное известное лекарство. Долети на автожире до её клиники. Сядь. Прими укол. Выживи, чтобы рассказать об этом.",Bilinen tek tedavi Jen'de. Jirokopterle kliniğine uç. İniş yap. İğneyi ol. Bunu anlatacak kadar hayatta kal.,知られている治療薬を持っているのはジェンだけだ。ジャイロコプターで診療所まで飛べ。着陸しろ。注射を受けろ。生きて語り継げ。,已知的解药只有杰恩有。开着旋翼机飞到她的诊所。降落。打上那一针。活着把这事讲出去。
# ============================================================
# BLOCKS — POSTERS
# ============================================================
posterProstateTitle,blocks,blocks,,,Prostate Awareness,Sensibilisation à la prostate,Prostata-Aufklärung,Concienciación sobre la próstata,Sensibilizzazione sulla salute della prostata,Profilaktyka prostaty,Conscientização sobre a próstata,Здоровье простаты,Prostat Farkındalığı,前立腺啓発,前列腺健康宣传
posterProstateDesc,blocks,blocks,,,Hospital poster. Check your prostate.,Affiche d'hôpital. Faites contrôler votre prostate.,Krankenhausposter. Lass deine Prostata untersuchen.,Póster de hospital. Revísate la próstata.,Poster ospedaliero. Fatti controllare la prostata.,Plakat szpitalny. Zbadaj prostatę.,Pôster de hospital. Faça o exame da próstata.,Больничный плакат. Пройдите обследование простаты.,Hastane afişi. Prostatını kontrol ettir.,病院のポスター。前立腺の検査を受けよう。,医院海报。记得检查前列腺。
posterARUKTitle,blocks,blocks,,,ARUK,ARUK,ARUK,ARUK,ARUK,ARUK,ARUK,ARUK,ARUK,ARUK,ARUK
posterARUKDesc,blocks,blocks,,,Hospital poster. ARUK.,Affiche d'hôpital. ARUK.,Krankenhausposter. ARUK.,Póster de hospital. ARUK.,Poster ospedaliero. ARUK.,Plakat szpitalny. ARUK.,Pôster de hospital. ARUK.,Больничный плакат. ARUK.,Hastane afişi. ARUK.,病院のポスター。ARUK。,医院海报。ARUK。
posterARUK1Title,blocks,blocks,,,ARUK,ARUK,ARUK,ARUK,ARUK,ARUK,ARUK,ARUK,ARUK,ARUK,ARUK
posterARUK1Desc,blocks,blocks,,,Hospital poster. ARUK.,Affiche d'hôpital. ARUK.,Krankenhausposter. ARUK.,Póster de hospital. ARUK.,Poster ospedaliero. ARUK.,Plakat szpitalny. ARUK.,Pôster de hospital. ARUK.,Больничный плакат. ARUK.,Hastane afişi. ARUK.,病院のポスター。ARUK。,医院海报。ARUK。
# ============================================================
# BLOCKS — GYRO UPGRADE STAGES
# ============================================================
hospitalGyroStage1Title,blocks,blocks,,,Wrecked Gyrocopter,Autogire en épave,Zerstörter Tragschrauber,Girocóptero destrozado,Girocottero distrutto,Zniszczony wiatrakowiec,Girocóptero destruído,Разбитый автожир,Enkaz Hâlindeki Jirokopter,大破したジャイロコプター,损毁的旋翼机
hospitalGyroStage1Desc,blocks,blocks,,,A wrecked gyrocopter on the hospital roof. It needs a radiator before anything else. [Install: Radiator],Un autogire en épave sur le toit de l'hôpital. Il lui faut un radiateur avant toute chose. [Installer : Radiateur],Ein zerstörter Tragschrauber auf dem Krankenhausdach. Er braucht zuerst einen Kühler. [Einbauen: Kühler],Un girocóptero destrozado en el tejado del hospital. Necesita un radiador antes que nada. [Instalar: Radiador],Un girocottero distrutto sul tetto dell'ospedale. Prima di tutto serve un radiatore. [Installa: Radiatore],Zniszczony wiatrakowiec na dachu szpitala. Najpierw potrzebuje chłodnicy. [Zainstaluj: Chłodnica],"Um girocóptero destruído no telhado do hospital. Antes de tudo, precisa de um radiador. [Instalar: Radiador]",Разбитый автожир на крыше больницы. В первую очередь ему нужен радиатор. [Установить: Радиатор],Hastanenin çatısında enkaz hâlinde bir jirokopter var. Her şeyden önce bir radyatöre ihtiyacı var. [Tak: Radyatör],病院の屋上にある大破したジャイロコプター。まずはラジエーターが要る。［取り付け：ラジエーター］,医院楼顶上一架损毁的旋翼机。首先需要一个散热器。［安装：散热器］
hospitalGyroStage2Title,blocks,blocks,,,Gyrocopter (Radiator Installed),Autogire (radiateur installé),Tragschrauber (Kühler eingebaut),Girocóptero (radiador instalado),Girocottero (radiatore installato),Wiatrakowiec (chłodnica zamontowana),Girocóptero (radiador instalado),Автожир (радиатор установлен),Jirokopter (Radyatör Takıldı),ジャイロコプター（ラジエーター装着済み）,旋翼机（已装散热器）
hospitalGyroStage2Desc,blocks,blocks,,,The cooling system is in place. The engine needs coolant before it can run. [Install: Water],Le circuit de refroidissement est en place. Le moteur a besoin de liquide avant de tourner. [Installer : Eau],"Das Kühlsystem sitzt. Der Motor braucht Kühlmittel, bevor er laufen kann. [Einbauen: Wasser]",El sistema de refrigeración está colocado. El motor necesita refrigerante antes de funcionar. [Instalar: Agua],L'impianto di raffreddamento è a posto. Il motore ha bisogno di liquido prima di partire. [Installa: Acqua],"Układ chłodzenia gotowy. Silnik potrzebuje płynu, zanim ruszy. [Zainstaluj: Woda]",O sistema de arrefecimento está no lugar. O motor precisa de líquido antes de funcionar. [Instalar: Água],"Система охлаждения на месте. Двигателю нужна охлаждающая жидкость, чтобы работать. [Установить: Вода]",Soğutma sistemi yerinde. Motorun çalışabilmesi için soğutma sıvısı gerekiyor. [Tak: Su],冷却系は取り付いた。エンジンを回すには冷却水が要る。［取り付け：水］,冷却系统已就位。发动机需要冷却液才能运转。［安装：水］
hospitalGyroStage3Title,blocks,blocks,,,Gyrocopter (Coolant Added),Autogire (liquide ajouté),Tragschrauber (Kühlmittel eingefüllt),Girocóptero (refrigerante añadido),Girocottero (liquido aggiunto),Wiatrakowiec (płyn uzupełniony),Girocóptero (líquido adicionado),Автожир (охлаждающая жидкость залита),Jirokopter (Soğutma Sıvısı Eklendi),ジャイロコプター（冷却水注入済み）,旋翼机（已加冷却液）
hospitalGyroStage3Desc,blocks,blocks,,,Coolant is flowing. Now you need an engine to drive it. [Install: Engine],Le liquide circule. Il te faut maintenant un moteur. [Installer : Moteur],"Das Kühlmittel fließt. Jetzt brauchst du einen Motor, der den Tragschrauber antreibt. [Einbauen: Motor]",El refrigerante circula. Ahora necesitas un motor para hacerlo funcionar. [Instalar: Motor],Il liquido circola. Ora serve un motore. [Installa: Motore],Płyn krąży. Teraz potrzebujesz silnika. [Zainstaluj: Silnik],O líquido está circulando. Agora você precisa de um motor. [Instalar: Motor],Охлаждающая жидкость циркулирует. Теперь нужен двигатель. [Установить: Двигатель],Soğutma sıvısı dolaşıyor. Şimdi onu çalıştıracak bir motora ihtiyacın var. [Tak: Motor],冷却水は回っている。次はそれを駆動するエンジンだ。［取り付け：エンジン］,冷却液在循环了。接下来需要一台发动机来驱动它。［安装：发动机］
hospitalGyroStage4Title,blocks,blocks,,,Gyrocopter (Engine Mounted),Autogire (moteur monté),Tragschrauber (Motor montiert),Girocóptero (motor montado),Girocottero (motore montato),Wiatrakowiec (silnik zamontowany),Girocóptero (motor instalado),Автожир (двигатель установлен),Jirokopter (Motor Takıldı),ジャイロコプター（エンジン搭載済み）,旋翼机（已装发动机）
hospitalGyroStage4Desc,blocks,blocks,,,The engine is in. It won't start without power. [Install: Battery],Le moteur est en place. Il ne démarrera pas sans courant. [Installer : Batterie],Der Motor sitzt. Ohne Strom springt er nicht an. [Einbauen: Batterie],El motor está montado. No arrancará sin corriente. [Instalar: Batería],Il motore è montato. Senza corrente non parte. [Installa: Batteria],Silnik na miejscu. Bez prądu nie zapali. [Zainstaluj: Akumulator],O motor está montado. Não vai pegar sem energia. [Instalar: Bateria],Двигатель на месте. Без питания он не заведётся. [Установить: Аккумулятор],Motor yerinde. Elektrik olmadan çalışmaz. [Tak: Akü],エンジンは載った。電気がなければ始動しない。［取り付け：バッテリー］,发动机已装好。没有电就点不着火。［安装：蓄电池］
hospitalGyroStage5Title,blocks,blocks,,,Gyrocopter (Battery Connected),Autogire (batterie branchée),Tragschrauber (Batterie angeschlossen),Girocóptero (batería conectada),Girocottero (batteria collegata),Wiatrakowiec (akumulator podłączony),Girocóptero (bateria conectada),Автожир (аккумулятор подключён),Jirokopter (Akü Bağlandı),ジャイロコプター（バッテリー接続済み）,旋翼机（已接蓄电池）
hospitalGyroStage5Desc,blocks,blocks,,,Power is connected. The engine needs spark plugs to fire. [Install: Spark Plugs],Le courant passe. Le moteur a besoin de bougies pour s'allumer. [Installer : Bougies d'allumage],"Strom liegt an. Der Motor braucht Zündkerzen, um zu zünden. [Einbauen: Zündkerzen]",Hay corriente. El motor necesita bujías para arrancar. [Instalar: Bujías],C'è corrente. Al motore servono le candele per accendersi. [Installa: Candele],"Prąd jest. Silnik potrzebuje świec, żeby zapalić. [Zainstaluj: Świece zapłonowe]",Há energia. O motor precisa de velas para dar partida. [Instalar: Velas de ignição],Питание есть. Двигателю нужны свечи зажигания. [Установить: Свечи зажигания],Elektrik var. Motorun ateşlemesi için bujiler gerekiyor. [Tak: Bujiler],電気は通った。点火にはスパークプラグが要る。［取り付け：スパークプラグ］,电路通了。点火还需要火花塞。［安装：火花塞］
hospitalGyroStage6Title,blocks,blocks,,,Gyrocopter (Spark Plugs Fitted),Autogire (bougies posées),Tragschrauber (Zündkerzen eingesetzt),Girocóptero (bujías colocadas),Girocottero (candele montate),Wiatrakowiec (świece założone),Girocóptero (velas instaladas),Автожир (свечи установлены),Jirokopter (Bujiler Takıldı),ジャイロコプター（スパークプラグ装着済み）,旋翼机（已装火花塞）
hospitalGyroStage6Desc,blocks,blocks,,,The engine can fire. You need cables to connect the controls. [Install: Control Cables],Le moteur peut s'allumer. Il faut des câbles pour relier les commandes. [Installer : Câbles de commande],Der Motor kann zünden. Du brauchst Kabel für die Steuerung. [Einbauen: Steuerkabel],El motor ya puede arrancar. Hacen falta cables para conectar los mandos. [Instalar: Cables de control],Il motore può accendersi. Servono cavi per collegare i comandi. [Installa: Cavi di comando],Silnik może zapalić. Potrzebne są linki do sterów. [Zainstaluj: Linki sterownicze],O motor pode dar partida. Faltam cabos para ligar os comandos. [Instalar: Cabos de comando],Двигатель может завестись. Нужны тросы для управления. [Установить: Тросы управления],Motor artık ateşleme yapabilir. Kumandaları bağlamak için kablolara ihtiyacın var. [Tak: Kumanda Kabloları],エンジンは点火できる。操縦系をつなぐケーブルが要る。［取り付け：操縦ケーブル］,发动机可以点火了。还需要缆线连接操纵系统。［安装：操纵缆线］
hospitalGyroStage7Title,blocks,blocks,,,Gyrocopter (Cables Rigged),Autogire (câbles montés),Tragschrauber (Kabel verlegt),Girocóptero (cables instalados),Girocottero (cavi collegati),Wiatrakowiec (linki podłączone),Girocóptero (cabos ligados),Автожир (тросы протянуты),Jirokopter (Kablolar Döşendi),ジャイロコプター（ケーブル接続済み）,旋翼机（已接缆线）
hospitalGyroStage7Desc,blocks,blocks,,,Controls are connected. It needs a tail to fly straight. [Install: Tail Assembly],Les commandes sont reliées. Il lui faut un empennage pour voler droit. [Installer : Empennage],Die Steuerung ist verbunden. Für einen geraden Flug braucht er ein Heck. [Einbauen: Heckbaugruppe],Los mandos están conectados. Necesita un conjunto de cola para volar recto. [Instalar: Conjunto de cola],I comandi sono collegati. Serve una coda per volare dritto. [Installa: Gruppo di coda],Stery podłączone. Do stabilnego lotu potrzebny jest ogon. [Zainstaluj: Zespół ogonowy],Os comandos estão ligados. Precisa de uma cauda para voar reto. [Instalar: Conjunto de cauda],Управление подключено. Для ровного полёта нужна хвостовая балка. [Установить: Хвостовая балка],Kumandalar bağlı. Düz uçmak için kuyruk gerekiyor. [Tak: Kuyruk Takımı],操縦系はつながった。まっすぐ飛ぶにはテールが要る。［取り付け：テールアセンブリ］,操纵系统已连通。要平稳飞行还差一个尾翼。［安装：尾翼组件］
hospitalGyroStage8Title,blocks,blocks,,,Gyrocopter (Almost Complete),Autogire (presque terminé),Tragschrauber (fast fertig),Girocóptero (casi completo),Girocottero (quasi completo),Wiatrakowiec (prawie gotowy),Girocóptero (quase completo),Автожир (почти готов),Jirokopter (Neredeyse Hazır),ジャイロコプター（ほぼ完成）,旋翼机（接近完成）
hospitalGyroStage8Desc,blocks,blocks,,,One part left. Fit the rotor blades and this thing will fly. [Install: Rotor Blades],Plus qu'une pièce. Pose les pales de rotor et cet engin volera. [Installer : Pales de rotor],Nur noch ein Teil. Setz die Rotorblätter ein und das Ding fliegt. [Einbauen: Rotorblätter],Falta una pieza. Coloca las palas del rotor y el girocóptero podrá volar. [Instalar: Palas del rotor],Manca un pezzo. Monta le pale del rotore e questo coso volerà. [Installa: Pale del rotore],"Została jedna część. Załóż łopaty wirnika, a to poleci. [Zainstaluj: Łopaty wirnika]",Falta uma peça. Instale as pás do rotor e isto vai voar. [Instalar: Pás do rotor],"Осталась одна деталь. Поставь лопасти ротора, и он полетит. [Установить: Лопасти ротора]",Tek parça kaldı. Rotor kanatlarını takınca jirokopter uçmaya hazır olacak. [Tak: Rotor Kanatları],残り1点。ローターブレードを取り付ければ、これは飛ぶ。［取り付け：ローターブレード］,只差一个零件。装上旋翼叶片，这东西就能飞了。［安装：旋翼叶片］
# ============================================================
# GAME OPTIONS
# ============================================================
goAirDropFrequency,UI,Menu,x,,Air Drops ([ff0000]DISABLED[-]),Largages aériens ([ff0000]DÉSACTIVÉS[-]),Versorgungsabwürfe ([ff0000]DEAKTIVIERT[-]),Suministros aéreos ([ff0000]DESACTIVADOS[-]),Lanci aerei ([ff0000]DISATTIVATI[-]),Zrzuty ([ff0000]WYŁĄCZONE[-]),Suprimentos aéreos ([ff0000]DESATIVADOS[-]),Авиасбросы ([ff0000]ОТКЛЮЧЕНЫ[-]),Hava İkmali ([ff0000]KAPALI[-]),空中投下（[ff0000]無効[-]）,空投（[ff0000]已禁用[-]）
goAirDropFrequencyDesc,UI,Menu,x,,Set to DISABLED. Airdrops cannot be reached in the Hospital Challenge.,Réglé sur DÉSACTIVÉ. Les largages sont inaccessibles dans le Défi de l'hôpital.,Auf DEAKTIVIERT gesetzt. Versorgungsabwürfe sind in der Krankenhaus-Herausforderung nicht erreichbar.,Ajustado en DESACTIVADO. Los suministros aéreos no se pueden alcanzar en el Desafío del hospital.,Impostato su DISATTIVATO. I lanci aerei non sono raggiungibili nella Sfida dell'ospedale.,Ustawione na WYŁĄCZONE. Zrzutów nie da się zdobyć w Wyzwaniu szpitalnym.,Definido como DESATIVADO. Os suprimentos aéreos não podem ser alcançados no Desafio do hospital.,Значение: ОТКЛЮЧЕНО. Авиасбросы недоступны в Больничном испытании.,KAPALI olarak ayarlandı. Hastane Mücadelesi'nde hava ikmaline ulaşılamaz.,無効に設定されています。病院チャレンジでは空中投下にたどり着けません。,已设为禁用。在医院挑战中无法抵达空投。
goBiomeProgression,UI,Menu,,,Biome Progression ([ff0000]OFF[-]),Progression des biomes ([ff0000]DÉSACTIVÉE[-]),Biom-Fortschritt ([ff0000]AUS[-]),Progresión de biomas ([ff0000]DESACTIVADA[-]),Progressione dei biomi ([ff0000]OFF[-]),Progresja biomów ([ff0000]WYŁ.[-]),Progressão de biomas ([ff0000]DESLIGADA[-]),Прогрессия биомов ([ff0000]ВЫКЛ[-]),Biyom İlerlemesi ([ff0000]KAPALI[-]),バイオーム進行（[ff0000]オフ[-]）,生物群系进程（[ff0000]关闭[-]）
goBiomeProgressionDesc,UI,Menu,,,Set to OFF. Not required for the Hospital Challenge.,Réglée sur DÉSACTIVÉE. Inutile pour le Défi de l'hôpital.,Auf AUS gesetzt. Für die Krankenhaus-Herausforderung nicht erforderlich.,Ajustada en DESACTIVADA. No es necesaria para el Desafío del hospital.,Impostata su OFF. Non serve per la Sfida dell'ospedale.,Ustawiona na WYŁ. Niepotrzebna w Wyzwaniu szpitalnym.,Definida como DESLIGADA. Não é necessária para o Desafio do hospital.,Значение: ВЫКЛ. Для Больничного испытания не требуется.,KAPALI olarak ayarlandı. Hastane Mücadelesi için gerekli değil.,オフに設定されています。病院チャレンジでは不要です。,已设为关闭。医院挑战不需要。
goLootRespawnDays,UI,Menu,x,,Loot Respawn ([00ff00]5 Days[-]),Réapparition du butin ([00ff00]5 jours[-]),Loot-Respawn ([00ff00]5 Tage[-]),Reaparición del botín ([00ff00]5 días[-]),Ricomparsa del bottino ([00ff00]5 giorni[-]),Odnawianie łupu ([00ff00]5 dni[-]),Reaparecimento do saque ([00ff00]5 dias[-]),Респаун лута ([00ff00]5 дней[-]),Ganimet Yenilenmesi ([00ff00]5 Gün[-]),戦利品の再出現（[00ff00]5日[-]）,战利品刷新（[00ff00]5 天[-]）
goLootRespawnDaysDesc,UI,Menu,x,,The number of days for loot to respawn.\n\nSelect anything except [00ff00]Disabled[-].,Nombre de jours avant la réapparition du butin.\n\nChoisis n'importe quoi sauf [00ff00]Désactivé[-].,Anzahl der Tage bis zum Respawn von Loot.\n\nWähle alles außer [00ff00]Deaktiviert[-].,Número de días para que reaparezca el botín.\n\nElige cualquier opción menos [00ff00]Desactivado[-].,Numero di giorni per la ricomparsa del bottino.\n\nScegli qualsiasi cosa tranne [00ff00]Disattivato[-].,Liczba dni do odnowienia łupu.\n\nWybierz cokolwiek poza [00ff00]Wyłączone[-].,"Número de dias até o saque reaparecer.\n\nEscolha qualquer opção, menos [00ff00]Desativado[-].","Количество дней до респауна лута.\n\nВыбери что угодно, кроме [00ff00]Отключено[-].",Ganimetin yenilenmesi için gereken gün sayısı.\n\n[00ff00]Kapalı[-] dışında herhangi bir seçeneği seç.,戦利品が再出現するまでの日数。\n\n[00ff00]無効[-]以外であれば何を選んでも構いません。,战利品重新刷新所需的天数。\n\n除[00ff00]禁用[-]以外任选其一。
# ============================================================
# PERMADEATH POPUP
# ============================================================
hospitalMissionFailedTitle,UI,UI,,,— MISSION FAILED —,— ÉCHEC DE LA MISSION —,— MISSION FEHLGESCHLAGEN —,— MISIÓN FALLIDA —,— MISSIONE FALLITA —,— MISJA NIEUDANA —,— MISSÃO FRACASSADA —,— МИССИЯ ПРОВАЛЕНА —,— GÖREV BAŞARISIZ —,— ミッション失敗 —,— 任务失败 —
hospitalMissionFailedBody,UI,UI,,,"Navezgane has claimed another soul.

You didn't make it out of the hospital alive.
Whether it was the infected, the virus, or something worse — your run ends here.

Exit to the main menu now. The game will forcibly end your run in 60 seconds.","Navezgane a pris une âme de plus.

Tu n'es pas sorti vivant de l'hôpital.
Les infectés, le virus, ou pire encore — ta partie s'arrête ici.

Retourne au menu principal maintenant. Le jeu mettra automatiquement fin à ta partie dans 60 secondes.","Navezgane hat eine weitere Seele geholt.

Du bist nicht lebend aus dem Krankenhaus gekommen.
Ob es die Infizierten waren, der Virus oder etwas Schlimmeres — hier endet dein Durchlauf.

Geh jetzt zurück ins Hauptmenü. Das Spiel wird deinen Durchlauf in 60 Sekunden zwangsweise beenden.","Navezgane se ha cobrado otra alma.

No saliste con vida del hospital.
Ya fueran los infectados, el virus o algo peor, tu partida termina aquí.

Vuelve al menú principal ahora. El juego terminará tu partida en 60 segundos.","Navezgane si è presa un'altra anima.

Non sei uscito vivo dall'ospedale.
Che siano stati gli infetti, il virus o qualcosa di peggio — la tua partita finisce qui.

Torna subito al menu principale. Il gioco terminerà automaticamente la tua partita tra 60 secondi.","Navezgane zabrało kolejną duszę.

Nie udało ci się wydostać ze szpitala żywym.
Czy dopadli cię zakażeni, wirus czy coś gorszego — to koniec tego podejścia.

Wróć teraz do menu głównego. Gra wymusi zakończenie rozgrywki za 60 sekund.","Navezgane levou mais uma alma.

Você não saiu vivo do hospital.
Seja por causa dos infectados, do vírus ou de algo pior — sua jornada acaba aqui.

Volte ao menu principal agora. O jogo vai encerrar sua jornada em 60 segundos.","Navezgane забрал ещё одну душу.

Ты не выбрался из больницы живым.
Заражённые, вирус или что-то похуже — твой забег заканчивается здесь.

Выйди в главное меню сейчас. Игра принудительно завершит забег через 60 секунд.","Navezgane bir can daha aldı.

Hastaneden canlı çıkamadın.
Enfekteler mi, virüs mü, daha kötüsü mü — turun burada bitiyor.

Şimdi ana menüye dön. Oyun 60 saniye içinde turunu zorla sonlandıracak.","Navezgane がまた一つ魂を奪った。

あなたは生きて病院を出られなかった。
感染者か、ウイルスか、それよりひどい何かか — あなたの周回はここで終わる。

今すぐメインメニューに戻れ。60秒後にゲームが強制的に周回を終了する。","纳维戈恩又收走了一条性命。

你没能活着走出医院。
无论是感染者、病毒，还是更糟的东西——你这一局到此为止。

现在就回到主菜单。60 秒后游戏会强制结束这一局。"
# ============================================================
# MISSION COMPLETE POPUP
# ============================================================
hospitalMissionCompleteTitle,UI,UI,,,— YOU SURVIVED —,— TU AS SURVÉCU —,— DU HAST ÜBERLEBT —,— SOBREVIVISTE —,— SEI SOPRAVVISSUTO —,— PRZEŻYŁEŚ —,— VOCÊ SOBREVIVEU —,— ТЫ ВЫЖИЛ —,— HAYATTA KALDIN —,— 生還 —,— 你活下来了 —
hospitalMissionCompleteBody,UI,UI,,,"Against all odds, you made it out.

The virus is gone. The gyro held together. Jen came through.
Not everyone who walked into that hospital walked out.

Looking for your next challenge?
Try the Area 7 Challenge Mod — available on Nexus Mods.","Contre toute attente, tu t'en es sorti.

Le virus a disparu. L'autogire a tenu. Jen a tenu parole.
Certains de ceux qui sont entrés dans cet hôpital n'en sont jamais ressortis.

Tu cherches ton prochain défi ?
Essaie Area 7 Challenge Mod — disponible sur Nexus Mods.","Allen Widrigkeiten zum Trotz bist du rausgekommen.

Der Virus ist weg. Der Tragschrauber hat gehalten. Jen hat Wort gehalten.
Nicht jeder, der dieses Krankenhaus betreten hat, ist wieder herausgekommen.

Auf der Suche nach der nächsten Herausforderung?
Probier die Area 7 Challenge Mod — erhältlich auf Nexus Mods.","Contra todo pronóstico, lo lograste.

El virus ha desaparecido. El girocóptero aguantó. Jen cumplió.
No todos los que entraron en ese hospital salieron.

¿Buscas tu próximo desafío?
Prueba el Area 7 Challenge Mod, disponible en Nexus Mods.","Contro ogni previsione, ce l'hai fatta.

Il virus è sparito. Il girocottero ha tenuto. Jen ha mantenuto la parola.
Non tutti quelli che sono entrati in quell'ospedale ne sono usciti.

Cerchi la prossima sfida?
Prova l'Area 7 Challenge Mod — disponibile su Nexus Mods.","Wbrew wszystkiemu udało ci się.

Wirus zniknął. Wiatrakowiec wytrzymał. Jen dotrzymała słowa.
Nie każdy, kto wszedł do tego szpitala, z niego wyszedł.

Szukasz kolejnego wyzwania?
Wypróbuj Area 7 Challenge Mod — dostępny na Nexus Mods.","Apesar de tudo, você conseguiu.

O vírus sumiu. O girocóptero aguentou. Jen cumpriu a palavra.
Nem todos que entraram naquele hospital saíram.

Procurando o próximo desafio?
Experimente o Area 7 Challenge Mod — disponível no Nexus Mods.","Вопреки всему ты выбрался.

Вирус исчез. Автожир выдержал. Jen не подвела.
Не все, кто вошёл в эту больницу, вышли из неё.

Ищешь следующее испытание?
Попробуй Area 7 Challenge Mod — доступен на Nexus Mods.","Her şeye rağmen başardın.

Virüs gitti. Jirokopter dayandı. Jen sözünü tuttu.
O hastaneye giren herkes dışarı çıkamadı.

Sıradaki mücadeleyi mi arıyorsun?
Area 7 Challenge Mod'u dene — Nexus Mods'ta mevcut.","すべての見込みに反して、あなたは脱出した。

ウイルスは消えた。ジャイロコプターは持ちこたえた。ジェンは約束を守った。
あの病院に入った者の全員が出られたわけではない。

次のチャレンジを探しているなら、
Area 7 Challenge Mod を試してほしい — Nexus Mods で公開中。","在所有人都不看好的情况下，你走了出来。

病毒没了。旋翼机撑住了。杰恩说到做到。
走进那座医院的人，并非个个都走了出来。

在找下一个挑战？
试试 Area 7 Challenge Mod——可在 Nexus Mods 上获取。"
# ============================================================
# GYRO CONTAINER
# ============================================================
hospitalGyroContainerTitle,blocks,blocks,,,Wrecked Gyrocopter,Autogire en épave,Zerstörter Tragschrauber,Girocóptero destrozado,Girocottero distrutto,Zniszczony wiatrakowiec,Girocóptero destruído,Разбитый автожир,Enkaz Hâlindeki Jirokopter,大破したジャイロコプター,损毁的旋翼机
hospitalGyroContainerDesc,blocks,blocks,,,"A wrecked gyrocopter on the hospital roof. Open it and place all 8 parts inside to repair it: Radiator, Water, Engine, Battery, Spark Plugs, Control Cables, Tail Assembly, Rotor Blades.","Un autogire en épave sur le toit de l'hôpital. Ouvre-le et place les 8 pièces à l'intérieur pour le réparer : radiateur, eau, moteur, batterie, bougies d'allumage, câbles de commande, empennage, pales de rotor.","Ein zerstörter Tragschrauber auf dem Krankenhausdach. Öffne ihn und leg alle 8 Teile hinein, um ihn zu reparieren: Kühler, Wasser, Motor, Batterie, Zündkerzen, Steuerkabel, Heckbaugruppe, Rotorblätter.","Un girocóptero destrozado en el tejado del hospital. Ábrelo y coloca dentro las 8 piezas para repararlo: radiador, agua, motor, batería, bujías, cables de control, conjunto de cola y palas del rotor.","Un girocottero distrutto sul tetto dell'ospedale. Aprilo e inserisci tutti e 8 i pezzi per ripararlo: radiatore, acqua, motore, batteria, candele, cavi di comando, gruppo di coda, pale del rotore.","Zniszczony wiatrakowiec na dachu szpitala. Otwórz go i włóż do środka wszystkie 8 części, by go naprawić: chłodnica, woda, silnik, akumulator, świece zapłonowe, linki sterownicze, zespół ogonowy, łopaty wirnika.","Um girocóptero destruído no telhado do hospital. Abra-o e coloque as 8 peças dentro para consertá-lo: radiador, água, motor, bateria, velas de ignição, cabos de comando, conjunto de cauda e pás do rotor.","Разбитый автожир на крыше больницы. Открой его и положи внутрь все 8 деталей, чтобы починить: радиатор, вода, двигатель, аккумулятор, свечи зажигания, тросы управления, хвостовая балка, лопасти ротора.","Hastanenin çatısında enkaz hâlinde bir jirokopter var. Onarmak için aç ve 8 parçanın hepsini içine koy: radyatör, su, motor, akü, bujiler, kumanda kabloları, kuyruk takımı, rotor kanatları.",病院の屋上にある大破したジャイロコプター。開いて8つの部品をすべて中に入れれば修理できる：ラジエーター、水、エンジン、バッテリー、スパークプラグ、操縦ケーブル、テールアセンブリ、ローターブレード。,医院楼顶上一架损毁的旋翼机。打开它，把 8 个零件全部放进去即可修复：散热器、水、发动机、蓄电池、火花塞、操纵缆线、尾翼组件、旋翼叶片。
hospitalGyroRepaired,UI,UI,,,The gyrocopter is repaired! Fuel it up and fly to Trader Jen.,L'autogire est réparé ! Fais le plein et vole jusqu'à Trader Jen.,Der Tragschrauber ist repariert! Tank ihn auf und flieg zu Trader Jen.,¡El girocóptero está reparado! Repóstalo y vuela hasta Trader Jen.,Il girocottero è riparato! Fai rifornimento e vola da Trader Jen.,Wiatrakowiec naprawiony! Zatankuj go i leć do Trader Jen.,O girocóptero está consertado! Abasteça e voe até Trader Jen.,Автожир отремонтирован! Заправь его и лети к Trader Jen.,Jirokopter onarıldı! Yakıt doldur ve Trader Jen'e uç.,ジャイロコプターの修理が完了した！燃料を入れてトレーダー・ジェンの所へ飛べ。,旋翼机修好了！加满燃料，飞往商人杰恩处。
# ============================================================
# CHANGE JENS DIALOGUE
# ============================================================
dialog_trader_response_shop,Quest,Dialogs,,,Can you give me the Cure?,Tu peux me donner le remède ?,Kannst du mir das Heilmittel geben?,¿Puedes darme la cura?,Puoi darmi la cura?,Możesz dać mi lekarstwo?,Você pode me dar a cura?,Ты можешь дать мне лекарство?,Bana tedaviyi verebilir misin?,治療薬をもらえないか？,能把解药给我吗？
# ============================================================
# LOOT BAG NAMES
# ============================================================
lootHospitalYellow,Loot,,,,Hospital Supplies Bag,Sac de fournitures médicales,Beutel mit Krankenhausvorräten,Bolsa de suministros del hospital,Borsa di forniture ospedaliere,Torba z zapasami szpitalnymi,Bolsa de suprimentos do hospital,Сумка с больничными припасами,Hastane Malzeme Çantası,病院用品バッグ,医院物资包
lootHospitalBooks,Loot,,,,Skill Magazines Bag,Sac de magazines de compétences,Beutel mit Fertigkeitsmagazinen,Bolsa de revistas de habilidades,Borsa di riviste di abilità,Torba z czasopismami umiejętności,Bolsa de revistas de habilidade,Сумка с журналами навыков,Yetenek Dergileri Çantası,スキル雑誌バッグ,技能杂志包
lootHospitalCops,Loot,,,,Cop's Bag,Sac de policier,Beutel eines Cops,Bolsa de policía,Borsa del poliziotto,Torba policjanta,Bolsa do policial,Сумка копа,Polis Çantası,警官のバッグ,警察背包
lootHospitalBiker,Loot,,,,Biker's Bag,Sac de motard,Beutel eines Bikers,Bolsa de motero,Borsa del biker,Torba motocyklisty,Bolsa do motoqueiro,Сумка байкера,Motorcu Çantası,バイカーのバッグ,机车骑士背包
lootHospitalHeavy,Loot,,,,Worker's Bag,Sac d'ouvrier,Beutel eines Arbeiters,Bolsa de operario,Borsa dell'operaio,Torba robotnika,Bolsa do trabalhador,Сумка рабочего,İşçi Çantası,作業員のバッグ,工人背包
# ============================================================
# TRADER JEN CONGRATULATIONS PANEL
# ============================================================
hospitalCongratsTitle,Menu,,,,You Made It,Tu t'en es sorti,Du hast es geschafft,Lo conseguiste,Ce l'hai fatta,Udało ci się,Você conseguiu,Ты выбрался,Başardın,生還した,你活下来了
hospitalCongratsBody,Menu,,,,"You survived the Voss-7 outbreak and made it out of Navezgane Hospital. Most people who checked in didn't walk back out.

The Cure will neutralise what's left of the virus in your system. It won't undo what you've been through, but it'll keep you alive.

Jen's had it waiting. She knew someone would make it eventually.

Take it. You've earned it.","Tu as survécu à l'épidémie de Voss-7 et tu es sorti de Navezgane Hospital. La plupart de ceux qui y sont entrés n'en sont jamais ressortis.

Le remède va neutraliser ce qu'il reste du virus dans ton organisme. Il n'effacera pas ce que tu as traversé, mais il te gardera en vie.

Jen le gardait de côté. Elle savait que quelqu'un finirait par y arriver.

Prends-le. Tu l'as mérité.","Du hast den Voss-7-Ausbruch überlebt und bist aus dem Navezgane Hospital herausgekommen. Die meisten, die dort eingeliefert wurden, sind nie wieder herausgekommen.

Das Heilmittel neutralisiert die Reste des Virus in deinem Körper. Es macht nicht ungeschehen, was du durchgemacht hast, aber es hält dich am Leben.

Jen hat es bereitgehalten. Sie wusste, dass es irgendwann jemand schaffen würde.

Nimm es. Du hast es dir verdient.","Sobreviviste al brote de Voss-7 y saliste del Navezgane Hospital. La mayoría de los que ingresaron no volvieron a salir por su propio pie.

La cura neutralizará lo que quede del virus en tu organismo. No borrará lo que has pasado, pero te mantendrá con vida.

Jen la tenía guardada. Sabía que alguien lo conseguiría tarde o temprano.

Tómala. Te la has ganado.","Sei sopravvissuto all'epidemia di Voss-7 e sei uscito dal Navezgane Hospital. La maggior parte di chi vi è entrato non ne è più uscita sulle proprie gambe.

La cura neutralizzerà ciò che resta del virus nel tuo organismo. Non cancellerà quello che hai passato, ma ti terrà in vita.

Jen la teneva da parte. Sapeva che prima o poi qualcuno ce l'avrebbe fatta.

Prendila. Te la sei guadagnata.","Przeżyłeś epidemię Voss-7 i wydostałeś się z Navezgane Hospital. Większość tych, którzy tam trafili, nigdy nie wyszła o własnych siłach.

Lekarstwo zneutralizuje to, co zostało z wirusa w twoim organizmie. Nie cofnie tego, przez co przeszedłeś, ale utrzyma cię przy życiu.

Jen trzymała je w zanadrzu. Wiedziała, że ktoś w końcu dotrze.

Weź je. Zasłużyłeś.","Você sobreviveu ao surto de Voss-7 e saiu do Navezgane Hospital. A maioria dos que deram entrada não saiu de novo pelo próprio pé.

A cura vai neutralizar o que restou do vírus no seu organismo. Não vai desfazer o que você passou, mas vai te manter vivo.

Jen estava guardando a cura. Ela sabia que alguém acabaria conseguindo.

Pegue. Você mereceu.","Ты пережил вспышку Voss-7 и выбрался из Navezgane Hospital. Большинство поступивших туда своими ногами уже не вышли.

Лекарство нейтрализует то, что осталось от вируса в твоём организме. Оно не отменит пережитого, но сохранит тебе жизнь.

Jen держала его наготове. Она знала, что рано или поздно кто-нибудь дойдёт.

Бери. Ты это заслужил.","Voss-7 salgınından sağ çıktın ve Navezgane Hospital'dan kurtuldun. Oraya yatanların çoğu kendi ayaklarıyla geri çıkamadı.

Tedavi, vücudunda virüsten geriye kalanı etkisiz hâle getirecek. Yaşadıklarını geri çeviremez ama seni hayatta tutar.

Jen tedaviyi hazır tutuyordu. Er ya da geç birinin başaracağını biliyordu.

Al. Hak ettin.","あなたは Voss-7 のアウトブレイクを生き延び、Navezgane Hospital から脱出した。ここに担ぎ込まれた者のほとんどは、自分の足で出ていけなかった。

治療薬は体内に残ったウイルスを中和する。経験したことを消してはくれないが、命はつなぎとめてくれる。

ジェンはずっとこれを取っておいた。いつか誰かがたどり着くと分かっていたのだ。

受け取れ。あなたはそれに値する。","你熬过了 Voss-7 疫情，走出了纳维戈恩医院。被送进那里的人，大多数没能靠自己的双脚走出来。

解药会中和你体内残留的病毒。它抹不去你经历过的一切，但能让你活下去。

杰恩一直留着它。她知道总会有人走到这一步。

收下吧。这是你应得的。"
# ============================================================
# LOADING SCREEN TIPS
# ============================================================
hospitalLoadingTip01_title,ui,tips,,,The Voss-7 Virus,Le virus Voss-7,Das Voss-7-Virus,El virus Voss-7,Il virus Voss-7,Wirus Voss-7,O vírus Voss-7,Вирус Voss-7,Voss-7 Virüsü,Voss-7 ウイルス,Voss-7 病毒
hospitalLoadingTip01,ui,tips,,,You are infected with Voss-7 — a mutated strain of the Septdiurnal Virus resistant to honey and antibiotics. Only Trader Jen has the cure.,Tu es infecté par le Voss-7 — une souche mutante du Septdiurnal Virus résistante au miel et aux antibiotiques. Seule Trader Jen possède le remède.,"Du bist mit Voss-7 infiziert — einer mutierten Variante des Septdiurnal Virus, resistent gegen Honig und Antibiotika. Nur Trader Jen hat das Heilmittel.","Estás infectado con Voss-7, una cepa mutada del Septdiurnal Virus resistente a la miel y a los antibióticos. Solo Trader Jen tiene la cura.","Sei infetto da Voss-7 — un ceppo mutato del Septdiurnal Virus, resistente al miele e agli antibiotici. Solo Trader Jen ha la cura.","Jesteś zarażony Voss-7 — zmutowanym szczepem Septdiurnal Virus, odpornym na miód i antybiotyki. Tylko Trader Jen ma lekarstwo.","Você está infectado com o Voss-7 — uma cepa mutante do Septdiurnal Virus, resistente a mel e antibióticos. Só Trader Jen tem a cura.","Ты заражён Voss-7 — мутировавшим штаммом Septdiurnal Virus, устойчивым к мёду и антибиотикам. Лекарство есть только у Trader Jen.","Voss-7 ile enfekte oldun — bala ve antibiyotiklere dirençli, Septdiurnal Virus'ün mutasyona uğramış bir türü. Tedavi yalnızca Trader Jen'de.",あなたは Voss-7 に感染している。蜂蜜にも抗生物質にも耐性を持つ Septdiurnal Virus の変異株だ。治療薬を持っているのはトレーダー・ジェンだけだ。,你感染了 Voss-7——Septdiurnal Virus 的变异株，对蜂蜜和抗生素均有耐药性。解药只有商人杰恩有。
hospitalLoadingTip02_title,ui,tips,,,Suppressants Don't Cure,Les suppresseurs ne guérissent pas,Hemmer heilen nicht,Los supresores no curan,I soppressori non curano,Supresory nie leczą,Supressores não curam,Подавители не лечат,Baskılayıcılar Tedavi Etmez,抑制剤では治らない,抑制剂不能治愈
hospitalLoadingTip02,ui,tips,,,Virus Suppressants push Voss-7 back down but will never cure it. Only The Cure from Trader Jen will save you.,Les Suppresseurs de Virus font reculer le Voss-7 mais ne le guériront jamais. Seul le remède de Trader Jen peut te sauver.,"Virushemmer drängen Voss-7 zurück, heilen ihn aber nie. Nur das Heilmittel von Trader Jen kann dich retten.","Los Supresores del Virus hacen retroceder el Voss-7, pero nunca te curarán. Solo la cura de Trader Jen puede salvarte.","I Soppressori del Virus fanno arretrare Voss-7, ma non lo elimineranno mai. Solo la cura di Trader Jen può salvarti.","Supresory wirusa cofają Voss-7, ale nigdy go nie wyleczą. Tylko lekarstwo od Trader Jen może cię uratować.","Os Supressores do Vírus fazem o Voss-7 recuar, mas nunca curam a infecção. Só a cura de Trader Jen pode te salvar.","Подавители вируса сдерживают Voss-7, но не могут его вылечить. Спасти тебя может только Лекарство от Trader Jen.",Virüs Baskılayıcılar Voss-7'yi geriletir ama virüsü asla tamamen ortadan kaldırmaz. Seni yalnızca Trader Jen'deki Tedavi kurtarabilir.,ウイルス抑制剤は Voss-7 を押し戻すが、決して治しはしない。あなたを救えるのはトレーダー・ジェンの治療薬だけだ。,病毒抑制剂能把 Voss-7 压回去，却永远无法治愈它。能救你的只有商人杰恩的解药。
hospitalLoadingTip03_title,ui,tips,,,Crafting the Reagent,Fabriquer le réactif,Das Reagenz herstellen,Fabricar el reactivo,Fabbricare il reagente,Wytwarzanie odczynnika,Fabricando o reagente,Изготовление реагента,Reaktifi Üretmek,試薬を作る,制作试剂
hospitalLoadingTip03,ui,tips,,,"To craft Voss-7 Reagent you need acid, a blood bag, and rotting flesh. A hospital is a good place to look for all three.","Pour fabriquer le Réactif Voss-7, il te faut de l'acide, une poche de sang et de la chair pourrie. Un hôpital en regorge.","Für das Voss-7-Reagenz brauchst du Säure, einen Blutbeutel und verrottendes Fleisch. Ein Krankenhaus ist ein guter Ort, um nach allen dreien zu suchen.","Para fabricar el Reactivo Voss-7 necesitas ácido, una bolsa de sangre y carne podrida. Un hospital es un buen lugar para buscar las tres cosas.","Per fabbricare il Reagente Voss-7 servono acido, una sacca di sangue e carne putrefatta. Un ospedale è un buon posto in cui cercarli tutti e tre.","Do wytworzenia Odczynnika Voss-7 potrzebujesz kwasu, worka z krwią i gnijącego mięsa. Szpital to dobre miejsce, żeby szukać wszystkich trzech.","Para fabricar o Reagente Voss-7 você precisa de ácido, uma bolsa de sangue e carne podre. Um hospital é cheio disso.","Для Реагента Voss-7 нужны кислота, пакет крови и гниющая плоть. Больница — хорошее место, чтобы искать все три компонента.","Voss-7 Reaktifi için asit, kan torbası ve çürümüş et gerekir. Hastane, üçünü de aramak için iyi bir yerdir.",Voss-7 試薬を作るには、酸、血液パック、腐った肉が要る。病院にはいくらでもある。,制作 Voss-7 试剂需要酸液、血袋和腐肉。医院里这些东西多的是。
hospitalLoadingTip04_title,ui,tips,,,Fixed Workstations,Ateliers fixes,Fest installierte Werkstationen,Estaciones fijas,Postazioni fisse,Stałe stanowiska,Estações fixas,Стационарные верстаки,Sabit İstasyonlar,固定された作業設備,固定的工作站
hospitalLoadingTip04,ui,tips,,,"Chemistry Stations and Workbenches are fixed to the hospital building and cannot be picked up or moved. There are several of each scattered around, so learn where the nearest ones are.","Les ateliers de chimie et les établis sont fixés au bâtiment de l'hôpital et ne peuvent être ni ramassés ni déplacés. Il y en a plusieurs de chaque, répartis dans le bâtiment : repère les plus proches.","Chemiestationen und Werkbänke sind fest im Krankenhaus verbaut und lassen sich weder aufnehmen noch versetzen. Es gibt mehrere von jeder Sorte im Gebäude verteilt — merk dir, wo die nächsten stehen.",Las estaciones de química y las mesas de trabajo están fijas al edificio del hospital y no se pueden recoger ni mover. Hay varias de cada una repartidas por el edificio: aprende dónde están las más cercanas.,"Le stazioni chimiche e i banchi da lavoro sono installati in modo permanente nell'ospedale e non possono essere raccolti né spostati. Ce ne sono diversi di entrambi sparsi nell'edificio, quindi impara dove si trovano quelli più vicini.","Stacje chemiczne i stoły warsztatowe są przytwierdzone do budynku szpitala i nie da się ich podnieść ani przesunąć. Jest po kilka sztuk każdego rozsianych po budynku — zapamiętaj, gdzie są najbliższe.",As estações de química e as bancadas são fixas ao prédio do hospital e não podem ser recolhidas nem movidas. Há várias de cada espalhadas pelo prédio: aprenda onde ficam as mais próximas.,"Химические станции и верстаки закреплены в здании больницы: их нельзя ни подобрать, ни передвинуть. Каждого вида по нескольку штук по всему зданию — запомни, где ближайшие.",Kimya istasyonları ve çalışma tezgâhları hastane binasına sabittir; alınamaz ve taşınamaz. Binanın çeşitli yerlerinde her birinden birkaç tane var — en yakınlarının nerede olduğunu öğren.,化学実験ステーションと作業台は病院の建物に固定されており、回収も移動もできない。どちらも館内に複数あるので、最寄りの場所を覚えておけ。,化学工作站和工作台固定在医院建筑上，无法拾取或移动。每种都有好几处分布在楼里，记住离你最近的在哪。
hospitalLoadingTip05_title,ui,tips,,,Repairing the Gyro,Réparer l'autogire,Den Tragschrauber reparieren,Reparar el girocóptero,Riparare il girocottero,Naprawa wiatrakowca,Consertando o girocóptero,Ремонт автожира,Jirokopteri Onarmak,ジャイロコプターの修理,修复旋翼机
hospitalLoadingTip05,ui,tips,,,The gyrocopter on the roof must be repaired before you can escape. All 8 parts must be installed in order. There are no shortcuts.,L'autogire sur le toit doit être réparé avant de pouvoir t'échapper. Les 8 pièces doivent être installées dans l'ordre. Il n'y a pas de raccourci.,"Der Tragschrauber auf dem Dach muss repariert werden, bevor du entkommen kannst. Alle 8 Teile müssen der Reihe nach eingebaut werden. Es gibt keine Abkürzungen.",El girocóptero del tejado debe repararse antes de poder escapar. Las 8 piezas deben instalarse en orden. No hay atajos.,Il girocottero sul tetto va riparato prima di poter fuggire. Tutti e 8 i pezzi devono essere installati nell'ordine giusto. Non ci sono scorciatoie.,"Wiatrakowiec na dachu trzeba naprawić, zanim uciekniesz. Wszystkie 8 części trzeba zamontować w odpowiedniej kolejności. Nie ma drogi na skróty.",O girocóptero do telhado precisa ser consertado antes que você possa escapar. As 8 peças precisam ser instaladas na ordem. Não há atalhos.,"Автожир на крыше нужно починить, прежде чем сбежать. Все 8 деталей нужно установить по порядку. Коротких путей нет.",Kaçabilmen için çatıdaki jirokopterin onarılması gerekir. 8 parçanın tamamı sırayla takılmalıdır. Kestirme yol yok.,脱出するには屋上のジャイロコプターを修理しなければならない。8つの部品はすべて順番に取り付ける必要がある。近道はない。,必须先修好楼顶的旋翼机才能逃离。8 个零件必须按顺序安装。没有捷径。
hospitalLoadingTip06_title,ui,tips,,,Find the Nurses,Trouve les infirmières,Finde die Krankenschwestern,Encuentra a las enfermeras,Trova le infermiere,Znajdź pielęgniarki,Encontre as enfermeiras,Найди медсестёр,Hemşireleri Bul,看護師を探せ,去找护士
hospitalLoadingTip06,ui,tips,,,Nurse zombies drop painkillers. Painkillers are the key ingredient in every tier of Virus Suppressant. Find the nurses.,Les infirmières zombies lâchent des antidouleurs. Les antidouleurs sont l'ingrédient clé de tous les niveaux de suppresseur. Trouve les infirmières.,Krankenschwester-Zombies lassen Schmerzmittel fallen. Schmerzmittel sind die Schlüsselzutat für jede Stufe des Virushemmers. Finde die Krankenschwestern.,Las enfermeras zombis sueltan analgésicos. Los analgésicos son el ingrediente clave de todos los niveles de supresor. Encuentra a las enfermeras.,Le infermiere zombie lasciano antidolorifici. Gli antidolorifici sono l'ingrediente chiave di ogni livello di soppressore. Trova le infermiere.,Zombie pielęgniarki upuszczają środki przeciwbólowe. To kluczowy składnik każdego poziomu supresora wirusa. Znajdź pielęgniarki.,Enfermeiras zumbis largam analgésicos. Os analgésicos são o ingrediente principal de todos os níveis de supressor. Encontre as enfermeiras.,Зомби-медсёстры роняют обезболивающее. Оно — ключевой ингредиент любого уровня подавителя. Найди медсестёр.,"Hemşire zombiler ağrı kesici düşürür. Ağrı kesici, her Virüs Baskılayıcı seviyesinin temel bileşenidir. Hemşireleri bul.",看護師ゾンビは鎮痛剤を落とす。鎮痛剤はすべての等級の抑制剤に欠かせない材料だ。看護師を探せ。,护士丧尸会掉落止痛药。止痛药是各级抑制剂的关键原料。去找护士。
hospitalLoadingTip07_title,ui,tips,,,Cop Zombies,Les zombies policiers,Cop-Zombies,Zombis policía,Zombie poliziotti,Zombie policjanci,Zumbis policiais,Зомби-копы,Polis Zombiler,警官ゾンビ,警察丧尸
hospitalLoadingTip07,ui,tips,,,Cop zombies drop Tail Assembly parts and acid. Both are essential for your escape. They hit hard — be ready.,Les zombies policiers lâchent des empennages et de l'acide. Les deux sont essentiels à ton évasion. Ils frappent fort — sois prêt.,Cop-Zombies lassen Heckbaugruppen und Säure fallen. Beides ist für deine Flucht unerlässlich. Sie schlagen hart zu — sei vorbereitet.,"Los zombis policía sueltan conjuntos de cola y ácido. Ambos son esenciales para tu huida. Pegan fuerte, así que prepárate.",Gli zombie poliziotti lasciano gruppi di coda e acido. Entrambi sono essenziali per la tua fuga. Colpiscono forte — preparati.,Zombie policjanci upuszczają zespoły ogonowe i kwas. Oba są niezbędne do ucieczki. Mocno biją — przygotuj się.,Zumbis policiais largam conjuntos de cauda e ácido. Ambos são essenciais para a sua fuga. Eles causam muito dano — esteja preparado.,Зомби-копы роняют хвостовые балки и кислоту. И то и другое необходимо для побега. Они сильно бьют — будь готов.,Polis zombiler kuyruk takımı ve asit düşürür. İkisi de kaçışın için şarttır. Sert vururlar — hazırlıklı ol.,警官ゾンビはテールアセンブリの部品と酸を落とす。どちらも脱出に不可欠だ。一撃が重い。備えろ。,警察丧尸会掉落尾翼组件和酸液。两样都是逃离的必需品。他们下手很重——做好准备。
hospitalLoadingTip08_title,ui,tips,,,Utility Workers and Bikers,Agents d'entretien et motards,Instandhalter und Biker,Operarios y moteros,Addetti alla manutenzione e biker,Konserwatorzy i motocykliści,Trabalhadores e motoqueiros,Техники и байкеры,Bakım Görevlileri ve Motorcular,設備作業員とバイカー,维修工与机车骑士
hospitalLoadingTip08,ui,tips,,,Utility Workers may be carrying an Engine. Bikers may have Spark Plugs. Neither will give them up without a fight.,Les agents d'entretien peuvent transporter un moteur. Les motards peuvent avoir des bougies d'allumage. Aucun ne les lâchera sans se battre.,Instandhalter tragen manchmal einen Motor bei sich. Biker haben womöglich Zündkerzen. Keiner rückt sie kampflos heraus.,Los operarios de mantenimiento pueden llevar un motor. Los moteros pueden tener bujías. Ninguno los soltará sin pelear.,Gli addetti alla manutenzione possono avere un motore. I biker possono avere delle candele. Nessuno li cederà senza combattere.,Konserwatorzy mogą nosić silnik. Motocykliści mogą mieć świece zapłonowe. Żaden nie odda ich bez walki.,Trabalhadores da manutenção podem carregar um motor. Motoqueiros podem ter velas de ignição. Nenhum vai entregar sem briga.,"Техники могут носить двигатель. У байкеров могут быть свечи зажигания. Ни те, ни другие не отдадут их без боя.",Bakım görevlileri motor taşıyor olabilir. Motorcularda buji olabilir. Hiçbiri kavgasız vermez.,設備作業員はエンジンを持っていることがある。バイカーはスパークプラグを持っていることがある。どちらも戦わずには渡さない。,维修工身上可能带着发动机。机车骑士可能有火花塞。两者都不会不打一架就交出来。
hospitalLoadingTip09_title,ui,tips,,,Rotor Blades,Les pales de rotor,Die Rotorblätter,Las palas del rotor,Le pale del rotore,Łopaty wirnika,As pás do rotor,Лопасти ротора,Rotor Kanatları,ローターブレード,旋翼叶片
hospitalLoadingTip09,ui,tips,,,"Rotor Blades are hidden inside the hospital's AC units. The more units you wrench, the better your chances of finding them.","Les pales de rotor sont cachées dans les climatiseurs de l'hôpital. Plus tu en démontes, plus tu as de chances d'en trouver.","Rotorblätter stecken in den Klimaanlagen des Krankenhauses. Je mehr du zerlegst, desto besser deine Chancen.","Las palas del rotor están escondidas en los aires acondicionados del hospital. Cuantos más desmontes, más posibilidades tendrás.","Le pale del rotore sono nascoste nei condizionatori dell'ospedale. Più ne smonti, più aumentano le tue possibilità.","Łopaty wirnika kryją się w klimatyzatorach szpitala. Im więcej rozbierzesz, tym większe szanse.","As pás do rotor estão escondidas nos aparelhos de ar-condicionado do hospital. Quanto mais desmontar, maiores as chances.","Лопасти ротора спрятаны в кондиционерах больницы. Чем больше разберёшь, тем выше шансы.",Rotor kanatları hastanenin klima ünitelerinin içinde saklı. Ne kadar çok üniteyi İngiliz anahtarıyla sökersen onları bulma şansın o kadar artar.,ローターブレードは病院のエアコン室外機の中に隠れている。解体する数が多いほど、見つかる見込みは上がる。,旋翼叶片藏在医院的空调外机里。拆得越多，找到的机会越大。
hospitalLoadingTip10_title,ui,tips,,,The Battery,La batterie,Die Batterie,La batería,La batteria,Akumulator,A bateria,Аккумулятор,Akü,バッテリー,蓄电池
hospitalLoadingTip10,ui,tips,,,"The gyrocopter needs a car battery. Check janitor trolleys and maintenance areas throughout the hospital, or craft one at the chemistry station if you have lead and acid.","L'autogire a besoin d'une batterie de voiture. Fouille les chariots de concierge et les zones techniques de l'hôpital, ou fabrique-en une à l'atelier de chimie si tu as du plomb et de l'acide.","Der Tragschrauber braucht eine Autobatterie. Sieh in Hausmeisterwagen und Technikräumen im ganzen Krankenhaus nach, oder stell eine an der Chemiestation her, wenn du Blei und Säure hast.","El girocóptero necesita una batería de coche. Mira en los carritos de conserje y las zonas de mantenimiento de todo el hospital, o fabrica una en la estación de química si tienes plomo y ácido.","Il girocottero ha bisogno di una batteria per auto. Controlla i carrelli dei custodi e i locali tecnici in tutto l'ospedale, oppure fabbricane una alla stazione chimica se hai piombo e acido.","Wiatrakowiec potrzebuje akumulatora samochodowego. Sprawdź wózki woźnych i pomieszczenia techniczne w całym szpitalu albo wytwórz akumulator przy stacji chemicznej, jeśli masz ołów i kwas.","O girocóptero precisa de uma bateria automotiva. Procure nos carrinhos de zelador e nas áreas de manutenção, ou fabrique uma na estação de química se tiver chumbo e ácido.","Автожиру нужен автомобильный аккумулятор. Проверь тележки уборщиков и технические помещения по всей больнице или изготовь аккумулятор на химической станции, если у тебя есть свинец и кислота.",Jirokopterin araba aküsüne ihtiyacı var. Hastane genelindeki hademe arabalarına ve bakım alanlarına bak; yeterince kurşun ve asidin varsa kimya istasyonunda bir tane de üretebilirsin.,ジャイロコプターにはカーバッテリーが要る。清掃カートと設備エリアを調べろ。,旋翼机需要汽车蓄电池。翻找清洁推车和维修区。
hospitalLoadingTip11_title,ui,tips,,,Don't Forget Fuel,N'oublie pas le carburant,Vergiss den Treibstoff nicht,No olvides el combustible,Non dimenticare il carburante,Nie zapomnij o paliwie,Não esqueça o combustível,Не забудь про топливо,Yakıtı Unutma,燃料を忘れるな,别忘了燃料
hospitalLoadingTip11,ui,tips,,,Once the gyrocopter is repaired it will need fuel. Fuel it before you fly.,"Une fois l'autogire réparé, il lui faudra du carburant. Fais le plein avant de décoller.","Ist der Tragschrauber repariert, braucht er Treibstoff. Tank ihn auf, bevor du fliegst.","Una vez reparado el girocóptero, necesitará combustible. Repóstalo antes de volar.","Una volta riparato, il girocottero avrà bisogno di carburante. Fai rifornimento prima di volare.","Po naprawie wiatrakowiec będzie potrzebował paliwa. Zatankuj, zanim polecisz.","Depois de consertado, o girocóptero vai precisar de combustível. Abasteça antes de voar.",После ремонта автожиру понадобится топливо. Заправь его перед вылетом.,Onarıldıktan sonra jirokopterin yakıta ihtiyacı olacak. Uçmadan önce doldur.,ジャイロコプターを修理したら燃料が要る。飛ぶ前に給油しろ。,旋翼机修好之后还需要燃料。起飞前先加满。
hospitalLoadingTip12_title,ui,tips,,,Suppressant Tiers,Niveaux de suppresseur,Hemmer-Stufen,Niveles de supresor,Livelli di soppressore,Poziomy supresorów,Níveis de supressor,Уровни подавителя,Baskılayıcı Seviyeleri,抑制剤の等級,抑制剂等级
hospitalLoadingTip12,ui,tips,,,A stronger Suppressant is always better than three weak ones. Budget your painkillers carefully.,Un suppresseur puissant vaut toujours mieux que trois faibles. Gère tes antidouleurs avec soin.,Ein stärkerer Hemmer ist immer besser als drei schwache. Teile dir deine Schmerzmittel gut ein.,Un supresor potente siempre es mejor que tres débiles. Administra bien tus analgésicos.,Un soppressore più potente è sempre meglio di tre deboli. Gestisci con attenzione i tuoi antidolorifici.,Jeden silny supresor jest zawsze lepszy niż trzy słabe. Rozsądnie gospodaruj środkami przeciwbólowymi.,Um supressor forte é sempre melhor que três fracos. Administre bem seus analgésicos.,Один сильный подавитель всегда лучше трёх слабых. Расходуй обезболивающее с умом.,Güçlü bir baskılayıcı her zaman üç zayıftan iyidir. Ağrı kesicilerini dikkatli kullan.,強力な抑制剤1つは、弱いもの3つより常に優れている。鎮痛剤は計画的に使え。,一支强效抑制剂永远好过三支弱效的。精打细算地用你的止痛药。
hospitalLoadingTip13_title,ui,tips,,,Virus Progression,Progression du virus,Virusverlauf,Progresión del virus,Progressione del virus,Postęp wirusa,Progressão do vírus,Развитие вируса,Virüs İlerlemesi,ウイルスの進行,病毒进程
hospitalLoadingTip13,ui,tips,,,"As Voss-7 spreads it will slow you down, cloud your vision, and shake your aim. Do not let it reach 100 percent.","À mesure que le Voss-7 progresse, il te ralentit, trouble ta vue et fait trembler ta visée. Ne le laisse pas atteindre 100 %.","Je weiter Voss-7 fortschreitet, desto langsamer wirst du, desto trüber wird deine Sicht und desto unruhiger wird dein Zielen. Lass Voss-7 nicht 100 % erreichen.","A medida que el Voss-7 avanza, te ralentiza, te nubla la vista y hace que te tiemble el pulso al apuntar. No dejes que llegue al 100 %.","Man mano che Voss-7 si diffonde, ti rallenta, ti annebbia la vista e rende instabile la mira. Non lasciare che raggiunga il 100 %.","W miarę postępu Voss-7 spowalnia cię, zamgla wzrok i rozchwiewa celowanie. Nie pozwól mu dojść do 100 %.","Conforme o Voss-7 avança, ele te deixa lento, embaça sua visão e faz sua mira tremer. Não deixe chegar a 100 %.","По мере развития Voss-7 замедляет тебя, мутит зрение и сбивает прицел. Не дай ему дойти до 100 %.","Voss-7 yayıldıkça seni yavaşlatır, görüşünü bulandırır ve nişan almanı zorlaştırır. %100'e ulaşmasına izin verme.",Voss-7 が進むにつれ、動きは鈍り、視界は曇り、照準は揺れる。100%に達するのを許すな。,随着 Voss-7 加重，你会变慢、视野模糊、准星发抖。别让它到 100%。
hospitalLoadingTip14_title,ui,tips,,,Permadeath,Mort permanente,Permanenter Tod,Muerte permanente,Morte permanente,Permanentna śmierć,Morte permanente,Перманентная смерть,Kalıcı Ölüm,パーマデス,永久死亡
hospitalLoadingTip14,ui,tips,,,"There is no second chance. If you die, the run is over.","Il n'y a pas de seconde chance. Si tu meurs, la partie est terminée.","Es gibt keine zweite Chance. Wenn du stirbst, ist der Durchlauf vorbei.","No hay segunda oportunidad. Si mueres, la partida se acabó.","Non c'è una seconda possibilità. Se muori, la partita è finita.","Nie ma drugiej szansy. Jeśli zginiesz, to koniec rozgrywki.","Não há segunda chance. Se você morrer, a jornada acabou.","Второго шанса нет. Если ты умрёшь, забег окончен.",İkinci şans yok. Ölürsen bu tur biter.,二度目はない。死ねば、その周回は終わりだ。,没有第二次机会。你一死，这一局就结束了。
hospitalLoadingTip15_title,ui,tips,,,Blood Moons,Lunes de sang,Blutmonde,Lunas de sangre,Lune di sangue,Krwawe księżyce,Luas de sangue,Кровавые луны,Kan Ayları,ブラッドムーン,血月
hospitalLoadingTip15,ui,tips,,,Blood moons still happen every 7 days. The virus does not care about your schedule.,Les lunes de sang continuent d'avoir lieu tous les 7 jours. Le virus se moque de ton emploi du temps.,Blutmonde kommen weiterhin alle 7 Tage. Der Virus schert sich nicht um deinen Zeitplan.,Las lunas de sangre siguen llegando cada 7 días. Al virus no le importa tu horario.,Le lune di sangue arrivano comunque ogni 7 giorni. Al virus non importa dei tuoi programmi.,Krwawe księżyce wciąż przychodzą co 7 dni. Wirusa nie obchodzi twój harmonogram.,As luas de sangue continuam a cada 7 dias. O vírus não liga para a sua agenda.,Кровавые луны по-прежнему приходят каждые 7 дней. Вирусу нет дела до твоего расписания.,Kan ayları yine her 7 günde bir gelir. Virüs senin programını umursamaz.,ブラッドムーンは変わらず7日ごとに訪れる。ウイルスはあなたの都合など気にしない。,血月依旧每 7 天来一次。病毒可不在乎你的日程。
# ============================================================
# UI & MENU — SPAWN / RESPAWN SCREEN
# ============================================================
respawnTitleMessage,UI,Respawn Window,x,,YOU ARE INFECTED.,TU ES INFECTÉ.,DU BIST INFIZIERT.,ESTÁS INFECTADO.,SEI INFETTO.,JESTEŚ ZARAŻONY.,VOCÊ ESTÁ INFECTADO.,ТЫ ЗАРАЖЁН.,ENFEKTE OLDUN.,あなたは感染している。,你已被感染。
lblSpawn,UI,Spawn Menu,x,,Wake up in the hospital,Se réveiller à l'hôpital,Im Krankenhaus aufwachen,Despertar en el hospital,Svegliati in ospedale,Obudź się w szpitalu,Acordar no hospital,Очнуться в больнице,Hastanede uyan,病院で目を覚ます,在医院中醒来
lblSpawnRandom,UI,Spawn Menu,x,,This is how you died...,Voilà comment tu es mort...,So bist du gestorben ...,Así fue como moriste...,Ecco come sei morto...,Tak zginąłeś...,Foi assim que você morreu...,Вот как ты погиб...,İşte böyle öldün...,あなたはこうして死んだ…,你就是这样死的……
lblSpawnNearBedroll,UI,Spawn Menu,x,,Wake up near your bed,Se réveiller près de ton lit,In der Nähe deines Betts aufwachen,Despertar cerca de tu cama,Svegliati vicino al tuo letto,Obudź się przy swoim posłaniu,Acordar perto da sua cama,Очнуться рядом со спальником,Yatağının yakınında uyan,寝袋の近くで目を覚ます,在床铺附近醒来
lblSpawnOnBedroll,UI,Spawn Menu,x,,Wake up in your bed,Se réveiller dans ton lit,In deinem Bett aufwachen,Despertar en tu cama,Svegliati nel tuo letto,Obudź się w swoim posłaniu,Acordar na sua cama,Очнуться в спальнике,Yatağında uyan,寝袋で目を覚ます,在床铺上醒来
lblSpawnNearBackpack,UI,Spawn Menu,x,,Wake up near your pack,Se réveiller près de ton sac,In der Nähe deines Rucksacks aufwachen,Despertar cerca de tu mochila,Svegliati vicino al tuo zaino,Obudź się przy swoim plecaku,Acordar perto da sua mochila,Очнуться рядом с рюкзаком,Çantanın yakınında uyan,バックパックの近くで目を覚ます,在背包附近醒来
# ============================================================
# POI NAME
# ============================================================
hospitalChallenge,blocks,POI,,,Navezgane Hospital,Navezgane Hospital,Navezgane Hospital,Navezgane Hospital,Navezgane Hospital,Navezgane Hospital,Navezgane Hospital,Navezgane Hospital,Navezgane Hospital,Navezgane Hospital,Navezgane Hospital
hospitalSurvivalGuideMessage,UI,,,,"[ff6666]NAVEZGANE HOSPITAL — SITUATION REPORT[-]\n[ff8c00]----------------------------------------[-]\n\nYou are infected with [ff6666]Voss-7[-]. The virus only ever rises,\nand at [ff6666]100% you die[-]. Only Trader Jen has the cure.\n\nA wrecked gyro sits on the [ff6666]hospital roof[-]. [ff6666]Eight parts[-] will fly it.\n[ff6666]The wrecked cars have no engine in them here.[-]\nParts come from the infected, so kill everything.\n\n[ff6666]Do not leave the hospital grounds.[-] You will not come back.\n\n[ff8c00]----------------------------------------[-]\n[ffcc00]Press ESC at any time for the full survival guide.[-]","[ff6666]NAVEZGANE HOSPITAL — RAPPORT DE SITUATION[-]\n[ff8c00]----------------------------------------[-]\n\nTu es infecté par le [ff6666]Voss-7[-]. Le taux d'infection ne fait qu'augmenter,\net à [ff6666]100 % tu meurs[-]. Seule Trader Jen possède le remède.\n\nUn autogire en épave se trouve sur le [ff6666]toit de l'hôpital[-]. Il faut [ff6666]huit pièces[-] pour le faire voler.\n[ff6666]Les voitures en épave ne contiennent aucun moteur ici.[-]\nLes pièces viennent des infectés, alors tue tout.\n\n[ff6666]Ne quitte pas l'enceinte de l'hôpital.[-] Tu n'en reviendras pas.\n\n[ff8c00]----------------------------------------[-]\n[ffcc00]Appuie sur ÉCHAP à tout moment pour consulter le guide de survie complet.[-]","[ff6666]NAVEZGANE HOSPITAL — LAGEBERICHT[-]\n[ff8c00]----------------------------------------[-]\n\nDu bist mit [ff6666]Voss-7[-] infiziert. Die Infektion steigt immer weiter,\nund bei [ff6666]100 % stirbst du[-]. Nur Trader Jen hat das Heilmittel.\n\nAuf dem [ff6666]Krankenhausdach[-] steht ein zerstörter Tragschrauber. [ff6666]Acht Teile[-] bringen ihn in die Luft.\n[ff6666]Die Autowracks enthalten hier keinen Motor.[-]\nDie Teile kommen von den Infizierten, also töte alles.\n\n[ff6666]Verlass das Krankenhausgelände nicht.[-] Du kommst nicht zurück.\n\n[ff8c00]----------------------------------------[-]\n[ffcc00]Drücke jederzeit ESC, um den vollständigen Überlebensratgeber zu öffnen.[-]","[ff6666]NAVEZGANE HOSPITAL — INFORME DE SITUACIÓN[-]\n[ff8c00]----------------------------------------[-]\n\nEstás infectado con [ff6666]Voss-7[-]. El virus solo sube,\ny al [ff6666]100 % mueres[-]. Solo Trader Jen tiene la cura.\n\nHay un girocóptero destrozado en el [ff6666]tejado del hospital[-]. [ff6666]Ocho piezas[-] lo harán volar.\n[ff6666]Aquí los coches destrozados no llevan motor.[-]\nLas piezas salen de los infectados, así que mátalos a todos.\n\n[ff6666]No salgas del recinto del hospital.[-] No volverás.\n\n[ff8c00]----------------------------------------[-]\n[ffcc00]Pulsa ESC en cualquier momento para la guía de supervivencia completa.[-]","[ff6666]NAVEZGANE HOSPITAL — RAPPORTO SULLA SITUAZIONE[-]\n[ff8c00]----------------------------------------[-]\n\nSei infetto da [ff6666]Voss-7[-]. L'infezione può solo aumentare,\ne al [ff6666]100 % muori[-]. Solo Trader Jen ha la cura.\n\nSul [ff6666]tetto dell'ospedale[-] c'è un girocottero distrutto. Servono [ff6666]otto pezzi[-] per farlo volare.\n[ff6666]Qui le auto distrutte non hanno motore.[-]\nI pezzi vengono dagli infetti, quindi uccidi tutto.\n\n[ff6666]Non lasciare il perimetro dell'ospedale.[-] Non tornerai.\n\n[ff8c00]----------------------------------------[-]\n[ffcc00]Premi ESC in qualsiasi momento per la guida alla sopravvivenza completa.[-]","[ff6666]NAVEZGANE HOSPITAL — RAPORT SYTUACYJNY[-]\n[ff8c00]----------------------------------------[-]\n\nJesteś zarażony [ff6666]Voss-7[-]. Poziom infekcji stale rośnie,\na przy [ff6666]100 % umierasz[-]. Tylko Trader Jen ma lekarstwo.\n\nNa [ff6666]dachu szpitala[-] stoi zniszczony wiatrakowiec. [ff6666]Osiem części[-] wystarczy, by znów latał.\n[ff6666]Rozbite samochody nie mają tu silnika.[-]\nCzęści znajdziesz przy zakażonych, więc zabijaj wszystko.\n\n[ff6666]Nie opuszczaj terenu szpitala.[-] Nie wrócisz.\n\n[ff8c00]----------------------------------------[-]\n[ffcc00]Naciśnij ESC w dowolnej chwili, by otworzyć pełny poradnik przetrwania.[-]","[ff6666]NAVEZGANE HOSPITAL — RELATÓRIO DE SITUAÇÃO[-]\n[ff8c00]----------------------------------------[-]\n\nVocê está infectado com [ff6666]Voss-7[-]. A infecção só aumenta,\ne em [ff6666]100 % você morre[-]. Só Trader Jen tem a cura.\n\nHá um girocóptero destruído no [ff6666]telhado do hospital[-]. [ff6666]Oito peças[-] vão fazê-lo voar.\n[ff6666]Aqui os carros destruídos não têm motor.[-]\nAs peças vêm dos infectados, então mate tudo.\n\n[ff6666]Não saia do terreno do hospital.[-] Você não vai voltar.\n\n[ff8c00]----------------------------------------[-]\n[ffcc00]Aperte ESC a qualquer momento para o guia de sobrevivência completo.[-]","[ff6666]NAVEZGANE HOSPITAL — СВОДКА ОБСТАНОВКИ[-]\n[ff8c00]----------------------------------------[-]\n\nТы заражён [ff6666]Voss-7[-]. Уровень заражения только растёт,\nи при [ff6666]100 % ты умрёшь[-]. Лекарство есть только у Trader Jen.\n\nНа [ff6666]крыше больницы[-] стоит разбитый автожир. [ff6666]Восемь деталей[-] нужны, чтобы он снова полетел.\n[ff6666]В разбитых машинах здесь нет двигателей.[-]\nДетали можно добыть с заражённых, так что убивай всё.\n\n[ff6666]Не покидай территорию больницы.[-] Ты не вернёшься.\n\n[ff8c00]----------------------------------------[-]\n[ffcc00]Нажми ESC в любой момент, чтобы открыть полное руководство по выживанию.[-]","[ff6666]NAVEZGANE HOSPITAL — DURUM RAPORU[-]\n[ff8c00]----------------------------------------[-]\n\n[ff6666]Voss-7[-] ile enfekte oldun. Enfeksiyon seviyesi yalnızca yükselir,\nve [ff6666]%100'de ölürsün[-]. Tedavi yalnızca Trader Jen'de.\n\n[ff6666]Hastanenin çatısında[-] enkaz hâlinde bir jirokopter var. [ff6666]Sekiz parça[-] takarsan yeniden uçacak.\n[ff6666]Buradaki hurda arabalarda motor yok.[-]\nParçalar enfektelerden çıkar, bu yüzden karşına çıkan her şeyi öldür.\n\n[ff6666]Hastane arazisinden ayrılma.[-] Geri dönemezsin.\n\n[ff8c00]----------------------------------------[-]\n[ffcc00]Tam hayatta kalma rehberi için istediğin an ESC'ye bas.[-]",[ff6666]NAVEZGANE HOSPITAL — 状況報告[-]\n[ff8c00]----------------------------------------[-]\n\nあなたは [ff6666]Voss-7[-] に感染している。ウイルスは上がる一方で、\n[ff6666]100%で死ぬ[-]。治療薬を持っているのはトレーダー・ジェンだけだ。\n\n[ff6666]病院の屋上[-]に大破したジャイロコプターがある。[ff6666]8つの部品[-]で飛ぶ。\n[ff6666]ここでは大破した車にエンジンは入っていない。[-]\n部品は感染者から出る。すべて倒せ。\n\n[ff6666]病院の敷地から出るな。[-]戻っては来られない。\n\n[ff8c00]----------------------------------------[-]\n[ffcc00]いつでも ESC を押せば完全なサバイバルガイドが開く。[-],[ff6666]NAVEZGANE HOSPITAL — 情况报告[-]\n[ff8c00]----------------------------------------[-]\n\n你感染了 [ff6666]Voss-7[-]。病毒只会上升，\n到 [ff6666]100% 你就会死[-]。解药只有商人杰恩有。\n\n[ff6666]医院楼顶[-]有一架损毁的旋翼机。[ff6666]八个零件[-]能让它起飞。\n[ff6666]在这里，报废的车里没有发动机。[-]\n零件来自感染者。把它们全杀光。\n\n[ff6666]不要离开医院范围。[-]你回不来的。\n\n[ff8c00]----------------------------------------[-]\n[ffcc00]随时按 ESC 查看完整生存指南。[-]
# 3.2 PORT - progression T1 rebuild
hospitalWorkstationsT1DewCollector,progression,Attribute,,,Tier 1: Dew Collector,Palier 1 : Collecteur de rosée,Stufe 1: Tausammler,Nivel 1: Recolector de rocío,Livello 1: Raccoglitore di rugiada,Poziom 1: Zbieracz rosy,Nível 1: Coletor de orvalho,Уровень 1: Сборник росы,Kademe 1: Çiy Toplayıcı,ティア1：露収集器,一级：集露器
# Sandbox preset group name.
"# The group combo box in XUi_Menu/windows.xml carries localization_prefix=""sandboxPresetGroup"""
# so the key is that prefix plus the group's formatted name. Do NOT add a row for the bare
# group name itself. The group name must also be UNIQUE case-insensitively across every
"# loaded Localization.csv - ""HospitalChallenge"" collided with this mod's own POI key"
"# ""hospitalChallenge"" and the group displayed as ""sandboxPresetGroupNavezgane Hospital""."
"# Vanilla works the same way. There is no row for bare ""Difficulty"" - only"
# sandboxPresetGroupDifficulty.
sandboxPresetGroupHospitalPresets,UI,Menu,x,,Hospital Challenge,Défi de l'hôpital,Krankenhaus-Herausforderung,Desafío del hospital,Sfida dell'ospedale,Wyzwanie szpitalne,Desafio do hospital,Больничное испытание,Hastane Mücadelesi,病院チャレンジ,医院挑战
# hospitalSurvivalGuideMessage was shortened when the ESC guide was added.
# The popup label shrinks text to fit; the old 35-line note needed roughly
# 1292px of height against the 580 available and rendered at about font 12.
# The full briefing now lives in FrilHospitalESCGuide. If it is ever wanted
# back here the original value is in the Hospital devlog Session 35.
hospitalPresetWalkInName,UI,,,,Walk-In,Admission,Notaufnahme,Sin cita,Accesso diretto,Przyjęcie,Triagem,Приём,Ayakta Kabul,外来受付,门诊
hospitalPresetUnderObservationName,UI,,,,Under Observation,En observation,Unter Beobachtung,En observación,In osservazione,Pod obserwacją,Em observação,Под наблюдением,Gözlem Altında,経過観察,留院观察
hospitalPresetCriticalName,UI,,,,Critical,Critique,Kritisch,Crítico,Critico,Stan krytyczny,Crítico,Критическое,Kritik,重篤,危重
hospitalPresetCodeBlueName,UI,,,,Code Blue,Code bleu,Code Blue,Código azul,Codice blu,Kod niebieski,Código azul,Код синий,Mavi Kod,コードブルー,蓝色警报
hospitalPresetTerminalName,UI,,,,Terminal,Phase terminale,Terminal,Terminal,Terminale,Stan terminalny,Terminal,Терминальное,Terminal,末期,临终
hospitalPresetFlatlineName,UI,,,,Flatline,Arrêt cardiaque,Nulllinie,Línea plana,Linea piatta,Płaska linia,Linha reta,Остановка сердца,Düz Çizgi,心停止,心电图归零
hospitalPresetWalkInDesc,UI,,,,"You are ill, but you are not dying yet. Infected shamble, damage is dialled down and supplies are plentiful. For learning the hospital without it killing you.","Tu es malade, mais tu ne meurs pas encore. Les infectés traînent la patte, les dégâts sont réduits et les ressources abondent. Idéal pour découvrir l'hôpital sans te faire tuer.","Du bist krank, aber noch nicht am Sterben. Die Infizierten schlurfen, der Schaden ist gedrosselt und Vorräte gibt es reichlich. Um das Krankenhaus kennenzulernen, ohne daran zu sterben.","Estás enfermo, pero aún no te estás muriendo. Los infectados van arrastrando los pies, el daño está rebajado y hay suministros de sobra. Para aprenderte el hospital sin que te mate.","Sei malato, ma non stai ancora morendo. Gli infetti arrancano, i danni sono ridotti e le scorte abbondano. Per imparare a conoscere l'ospedale senza farti ammazzare.","Jesteś chory, ale jeszcze nie umierasz. Zakażeni się wloką, obrażenia są zmniejszone, a zapasów jest pod dostatkiem. Dobre ustawienie do poznania szpitala bez ciągłego ginęcia.","Você está doente, mas ainda não está morrendo. Os infectados se arrastam, o dano é reduzido e há suprimentos de sobra. Para aprender o hospital sem que ele te mate.","Ты болен, но пока не умираешь. Заражённые еле бредут, урон снижен, припасов вдоволь. Чтобы изучить больницу, не погибая в ней.","Hastasın ama henüz ölmüyorsun. Enfekteler ayaklarını sürüyor, hasar düşürülmüş ve malzeme bol. Hastaneyi ölmeden öğrenmek için.",病んではいるが、まだ死にかけてはいない。感染者はよろよろ歩き、ダメージは抑えられ、物資も潤沢だ。死なずに病院を覚えるための設定。,你病了，但还没到快死的地步。感染者步履蹒跚，伤害被调低，物资充足。适合在不被弄死的前提下熟悉这座医院。
hospitalPresetUnderObservationDesc,UI,,,,"Stable, for now. The infected wake up after dark and the cupboards are no longer generous. A forgiving run that still expects you to pay attention.","Stable, pour l'instant. Les infectés se réveillent à la nuit tombée et les placards sont moins généreux. Une partie clémente qui exige tout de même que tu restes attentif.","Stabil, vorerst. Nach Einbruch der Dunkelheit wachen die Infizierten auf, und in den Schränken gibt es nicht mehr so viel zu holen. Ein nachsichtiger Durchlauf, der trotzdem Aufmerksamkeit verlangt.","Estable, por ahora. Los infectados despiertan al caer la noche y los armarios ya no son generosos. Una partida indulgente que aun así exige atención.","Stabile, per ora. Gli infetti si svegliano dopo il tramonto e negli armadi non c'è più così tanto da trovare. Una partita più permissiva, ma che richiede comunque attenzione.","Stabilnie, na razie. Zakażeni budzą się po zmroku, a w szafkach nie ma już tylu zapasów. Łagodniejsza rozgrywka, która nadal wymaga uwagi.","Estável, por enquanto. Os infectados acordam depois do anoitecer e os armários não são mais generosos. Uma partida mais permissiva que ainda exige atenção.","Пока состояние стабильное. После наступления темноты заражённые просыпаются, а в шкафах уже не так много припасов. Щадящий забег, который всё же требует внимания.",Şimdilik durum stabil. Karanlık bastıktan sonra enfekteler uyanıyor ve dolaplarda artık eskisi kadar çok malzeme yok. Hataları daha çok tolere eden ama yine de dikkat gerektiren bir tur.,今のところは安定している。日が落ちると感染者が目を覚まし、戸棚ももう気前よくはない。寛容ではあるが、油断は許さない一戦。,暂时还算稳定。天黑后感染者会醒来，柜子也不再慷慨。宽容的一局，但依然要求你专心。
hospitalPresetCriticalDesc,UI,,,,"The challenge as intended. The virus does not wait, the wards are full, and every hour spent hunting parts is an hour you do not have. The recommended way to play.","Le défi tel qu'il a été conçu. Le virus n'attend pas, les services sont pleins, et chaque heure passée à chercher des pièces est une heure que tu ne peux pas te permettre de perdre. La manière recommandée de jouer.","Die Herausforderung wie vorgesehen. Der Virus wartet nicht, die Stationen sind voll, und jede Stunde Teilesuche ist eine Stunde, die du nicht hast. Die empfohlene Spielweise.","El desafío tal y como se concibió. El virus no espera, las plantas están llenas y cada hora buscando piezas es una hora que no tienes. La forma recomendada de jugar.","La sfida così come è stata concepita. Il virus non aspetta, i reparti sono pieni e ogni ora passata a cercare pezzi è un'ora che non puoi permetterti. È il modo di giocare consigliato.","Wyzwanie w zamierzonej postaci. Wirus nie czeka, oddziały są pełne, a każda godzina spędzona na szukaniu części to godzina, na którą nie możesz sobie pozwolić. Zalecany sposób gry.","O desafio como foi pensado. O vírus não espera, as alas estão cheias e cada hora caçando peças é uma hora que você não tem. O jeito recomendado de jogar.","Испытание таким, каким оно задумано. Вирус не ждёт, палаты переполнены, и каждый час, потраченный на поиск деталей, — это час, которого у тебя нет. Рекомендуемый режим игры.","Mücadelenin tasarlandığı hâli. Virüs beklemez, koğuşlar doludur ve parça aramakla geçirdiğin her saat, zaten kısıtlı olan zamanından bir saat daha götürür. Önerilen oynama biçimi.",本来意図されたチャレンジ。ウイルスは待ってくれず、病棟は埋まり、部品探しに費やす1時間はあなたに残されていない1時間だ。推奨される遊び方。,本作设计时设想的难度。病毒不会等你，病区人满为患，找零件花掉的每一个小时都是你没有的时间。推荐的玩法。
hospitalPresetCodeBlueDesc,UI,,,,"Your condition is deteriorating. Faster infected, heavier hits and far less margin for a mistake on the stairs. Bring suppressants or do not bother leaving the ward.","Ton état se dégrade. Des infectés plus rapides, des coups plus violents et bien moins de marge d'erreur dans les escaliers. Prends des suppresseurs ou ne te donne même pas la peine de quitter le service.","Dein Zustand verschlechtert sich. Schnellere Infizierte, härtere Treffer und deutlich weniger Spielraum für einen Fehler im Treppenhaus. Nimm Hemmer mit oder verlass die Station gar nicht erst.","Tu estado se deteriora. Infectados más rápidos, golpes más duros y mucho menos margen para un error en las escaleras. Lleva supresores o ni te molestes en salir de la planta.","Le tue condizioni peggiorano. Infetti più rapidi, colpi più pesanti e molto meno margine per un errore sulle scale. Porta soppressori o non uscire nemmeno dal reparto.","Twój stan się pogarsza. Szybsi zakażeni, mocniejsze ciosy i znacznie mniejszy margines błędu na schodach. Weź supresory albo w ogóle nie wychodź z oddziału.","Seu quadro está piorando. Infectados mais rápidos, golpes mais pesados e muito menos margem para um erro na escada. Leve supressores ou nem saia da ala.","Твоё состояние ухудшается. Заражённые быстрее, удары сильнее, а на лестницах почти нет права на ошибку. Бери подавители или даже не пытайся выходить из палаты.","Durumun kötüleşiyor. Daha hızlı enfekteler, daha ağır darbeler ve merdivende hata payı çok daha az. Baskılayıcı al ya da koğuştan hiç çıkma.",容体が悪化している。感染者はより速く、一撃は重く、階段での一つのミスに許される余地はずっと少ない。抑制剤を持て。でなければ病棟から出るな。,你的病情正在恶化。感染者更快，出手更重，楼梯上犯错的余地也小得多。带上抑制剂，否则别出病区。
hospitalPresetTerminalDesc,UI,,,,Everything sprints and nothing in this building wants you to reach the roof. The gyro is a long way up and you are running out of time to get there.,Tous les infectés sprintent et rien dans ce bâtiment ne veut te voir atteindre le toit. L'autogire est tout en haut et le temps te manque pour y arriver.,"Alles sprintet und nichts in diesem Gebäude will, dass du das Dach erreichst. Der Tragschrauber ist weit oben und dir läuft die Zeit davon.",Todos los infectados corren y nada en este edificio quiere que llegues al tejado. El girocóptero está muy arriba y se te acaba el tiempo para llegar.,Tutti gli infetti corrono e niente in questo edificio vuole che tu raggiunga il tetto. Il girocottero è molto in alto e il tempo per arrivarci sta finendo.,"Wszystko sprintuje i nic w tym budynku nie chce, byś dotarł na dach. Wiatrakowiec jest wysoko, a czasu coraz mniej.",Tudo corre e nada neste prédio quer que você chegue ao telhado. O girocóptero está bem lá em cima e o tempo está acabando.,"Все заражённые бегают, и всё в этом здании словно не хочет пускать тебя на крышу. Автожир далеко наверху, а времени добраться до него всё меньше.",Tüm enfekteler koşuyor ve bu binadaki her şey sanki çatıya ulaşmanı engellemek istiyor. Jirokopter çok yukarıda ve ona ulaşmak için zamanın tükeniyor.,すべてが走り、この建物の何ひとつあなたを屋上へ行かせたがらない。ジャイロコプターははるか上にあり、そこへたどり着く時間は尽きかけている。,所有东西都在冲刺，这栋楼里没有任何一样想让你上到楼顶。旋翼机高高在上，而你抵达那里的时间正在耗尽。
hospitalPresetFlatlineDesc,UI,,,,"The virus wins. Everything sprints, everything hits harder, and there are more of them than there is hospital. Not expected to be survivable. Prove otherwise.","Le virus gagne. Tous les infectés sprintent, tous frappent plus fort, et ils sont plus nombreux qu'un hôpital ne devrait pouvoir en contenir. Tu n'es pas censé pouvoir y survivre. Prouve le contraire.","Der Virus gewinnt. Alles sprintet, alles trifft härter, und es gibt mehr von ihnen, als in dieses Krankenhaus passen dürften. Nicht als überlebbar gedacht. Beweise das Gegenteil.","El virus gana. Todos los infectados corren, todos pegan más fuerte y el hospital se queda pequeño para tantos. No está pensado para ser superable. Demuestra lo contrario.","Il virus vince. Tutti corrono, tutti colpiscono più forte e ce ne sono più di quanti un ospedale dovrebbe poterne contenere. Non è previsto che si possa sopravvivere. Dimostra il contrario.","Wirus wygrywa. Wszystko sprintuje, wszystko uderza mocniej, a zakażonych jest więcej, niż ten szpital powinien pomieścić. Nie zakłada się, że da się to przeżyć. Udowodnij, że jest inaczej.","O vírus vence. Tudo corre, tudo bate mais forte e há infectados demais para este hospital. Não se espera que alguém sobreviva. Prove o contrário.","Вирус побеждает. Все заражённые бегают, все бьют сильнее, а их больше, чем может вместить больница. Выживание здесь не предусмотрено. Докажи обратное.","Virüs kazanıyor. Tüm enfekteler koşuyor, daha sert vuruyor ve sayıları hastanenin alabileceğinden bile fazla. Burada hayatta kalman beklenmiyor. Aksini kanıtla.",ウイルスの勝ちだ。すべてが走り、すべてがより重く殴り、その数は病院の広さを超えている。生還できる想定ではない。できると証明してみせろ。,病毒赢定了。所有东西都在冲刺，出手更重，数量比整座医院还多。本来就没打算让人活下来。证明给我看。
hospitalIncreasingInfectionLabel,UI,,,,Increasing Infection,Infection croissante,Fortschreitende Infektion,Infección creciente,Infezione crescente,Postępująca infekcja,Infecção crescente,Нарастающее заражение,Artan Enfeksiyon,進行する感染,感染持续加重
hospitalIncreasingInfectionHelp,UI,,,,"On, the infection climbs and zombie hits add to it. Off, the virus is disabled and your first suppressant ends it for the run.",Activée : l'infection monte et les coups des zombies l'aggravent. Désactivée : le virus est neutralisé et ton premier suppresseur y met fin pour toute la partie.,An: Die Infektion steigt und Zombietreffer erhöhen sie. Aus: Der Virus ist abgeschaltet und dein erster Hemmer beendet ihn für den ganzen Durchlauf.,Activada: la infección sube y los golpes de los zombis la aumentan. Desactivada: el virus queda anulado y tu primer supresor elimina la infección durante el resto de la partida.,Attiva: l'infezione aumenta e i colpi degli zombie la fanno salire ulteriormente. Disattivata: il virus è disabilitato e il primo soppressore che usi lo elimina per il resto della partita.,"Włączone: infekcja rośnie, a ciosy zombie dodatkowo ją zwiększają. Wyłączone: wirus jest wyłączony, a pierwszy użyty supresor usuwa infekcję do końca rozgrywki.",Ligado: a infecção sobe e os golpes dos zumbis fazem a infecção aumentar ainda mais. Desligado: o vírus fica desativado e seu primeiro supressor encerra a infecção pela jornada toda.,"Вкл.: заражение растёт, а удары зомби дополнительно его увеличивают. Выкл.: вирус отключён, и первый же подавитель устраняет инфекцию до конца забега.",Açık: enfeksiyon yükselir ve zombi darbeleri bunu daha da artırır. Kapalı: virüs devre dışıdır ve ilk baskılayıcın enfeksiyonu turun geri kalanı için sona erdirir.,オンの場合、感染度は上昇し、ゾンビの攻撃でも増加します。オフの場合、ウイルスは無効化され、最初の抑制剤でその周回は終了します。,开启时，感染度会持续上升，丧尸的攻击也会使其增加。关闭时，病毒被停用，第一支抑制剂就会让它在本局中彻底结束。
hospitalDebriefSavedTo,UI,,,,Your mission debrief has been saved as Hospital_Debrief.html in:,Ton compte rendu de mission a été enregistré sous le nom Hospital_Debrief.html dans :,Dein Bericht wurde als Hospital_Debrief.html gespeichert in:,Tu informe se ha guardado como Hospital_Debrief.html en:,Il tuo resoconto è stato salvato come Hospital_Debrief.html in:,Twój raport zapisano jako Hospital_Debrief.html w:,Seu relatório foi salvo como Hospital_Debrief.html em:,Твой отчёт сохранён как Hospital_Debrief.html в:,Raporun Hospital_Debrief.html olarak şuraya kaydedildi:,報告書は Hospital_Debrief.html として次の場所に保存された：,你的任务报告已保存为 Hospital_Debrief.html，位于：
